learner_id,diagnostic_score,experience_level,learning_preference,device_type,initial_engagement,ui_variant,action_probability,quiz_correct,quiz_total,task_completed,reward,data_source
SYN-00001,41,intermediate,example,desktop,unavailable,hint,0.25,1,3,1,0.4667,synthetic_simulated_event
SYN-00002,33,beginner,concise,desktop,unavailable,concise,0.25,1,3,1,0.4667,synthetic_simulated_event
SYN-00003,43,beginner,example,tablet,unavailable,hint,0.25,0,3,1,0.2,synthetic_simulated_event
SYN-00004,51,intermediate,concise,desktop,unavailable,challenge,0.25,2,3,1,0.7333,synthetic_simulated_event
SYN-00005,74,advanced,hint,mobile,unavailable,concise,0.25,3,3,1,1.0,synthetic_simulated_event
SYN-00006,35,beginner,example,tablet,unavailable,challenge,0.25,1,3,1,0.4667,synthetic_simulated_event
SYN-00007,52,intermediate,hint,desktop,unavailable,hint,0.25,0,3,0,0.0,synthetic_simulated_event
SYN-00008,66,advanced,example,desktop,unavailable,concise,0.25,1,3,1,0.4667,synthetic_simulated_event
SYN-00009,11,intermediate,hint,mobile,unavailable,concise,0.25,3,3,1,1.0,synthetic_simulated_event
SYN-00010,72,advanced,hint,mobile,unavailable,hint,0.25,0,3,0,0.0,synthetic_simulated_event
SYN-00011,70,intermediate,concise,mobile,unavailable,example,0.25,3,3,1,1.0,synthetic_simulated_event
SYN-00012,96,advanced,example,desktop,unavailable,challenge,0.25,2,3,1,0.7333,synthetic_simulated_event
SYN-00013,59,intermediate,example,desktop,unavailable,concise,0.25,0,3,0,0.0,synthetic_simulated_event
SYN-00014,76,advanced,challenge,mobile,unavailable,example,0.25,2,3,1,0.7333,synthetic_simulated_event
SYN-00015,37,beginner,example,desktop,unavailable,challenge,0.25,0,3,1,0.2,synthetic_simulated_event
SYN-00016,19,beginner,challenge,mobile,unavailable,challenge,0.25,0,3,0,0.0,synthetic_simulated_event
SYN-00017,50,intermediate,hint,mobile,unavailable,concise,0.25,2,3,1,0.7333,synthetic_simulated_event
SYN-00018,69,intermediate,example,desktop,unavailable,hint,0.25,1,3,1,0.4667,synthetic_simulated_event
SYN-00019,0,beginner,hint,tablet,unavailable,concise,0.25,1,3,1,0.4667,synthetic_simulated_event
SYN-00020,38,beginner,example,mobile,unavailable,challenge,0.25,2,3,1,0.7333,synthetic_simulated_event
SYN-00021,71,advanced,hint,desktop,unavailable,hint,0.25,1,3,1,0.4667,synthetic_simulated_event
SYN-00022,71,advanced,concise,tablet,unavailable,hint,0.25,2,3,1,0.7333,synthetic_simulated_event
SYN-00023,65,advanced,challenge,tablet,unavailable,example,0.25,1,3,1,0.4667,synthetic_simulated_event
SYN-00024,76,advanced,hint,mobile,unavailable,hint,0.25,2,3,1,0.7333,synthetic_simulated_event
SYN-00025,17,beginner,hint,mobile,unavailable,hint,0.25,1,3,1,0.4667,synthetic_simulated_event
SYN-00026,94,advanced,example,mobile,unavailable,challenge,0.25,2,3,1,0.7333,synthetic_simulated_event
SYN-00027,68,intermediate,example,desktop,unavailable,challenge,0.25,3,3,1,1.0,synthetic_simulated_event
SYN-00028,67,intermediate,challenge,mobile,unavailable,example,0.25,1,3,1,0.4667,synthetic_simulated_event
SYN-00029,40,intermediate,challenge,mobile,unavailable,concise,0.25,3,3,1,1.0,synthetic_simulated_event
SYN-00030,96,advanced,challenge,tablet,unavailable,hint,0.25,1,3,1,0.4667,synthetic_simulated_event
SYN-00031,22,beginner,challenge,mobile,unavailable,hint,0.25,1,3,1,0.4667,synthetic_simulated_event
SYN-00032,17,beginner,concise,tablet,unavailable,hint,0.25,2,3,1,0.7333,synthetic_simulated_event
SYN-00033,25,intermediate,hint,tablet,unavailable,example,0.25,2,3,1,0.7333,synthetic_simulated_event
SYN-00034,42,intermediate,concise,mobile,unavailable,concise,0.25,0,3,1,0.2,synthetic_simulated_event
SYN-00035,64,intermediate,challenge,desktop,unavailable,challenge,0.25,2,3,1,0.7333,synthetic_simulated_event
SYN-00036,76,advanced,hint,tablet,unavailable,example,0.25,0,3,0,0.0,synthetic_simulated_event
SYN-00037,68,intermediate,example,desktop,unavailable,challenge,0.25,2,3,1,0.7333,synthetic_simulated_event
SYN-00038,50,beginner,concise,mobile,unavailable,concise,0.25,2,3,1,0.7333,synthetic_simulated_event
SYN-00039,37,beginner,hint,desktop,unavailable,hint,0.25,1,3,1,0.4667,synthetic_simulated_event
SYN-00040,9,beginner,hint,mobile,unavailable,challenge,0.25,1,3,1,0.4667,synthetic_simulated_event
SYN-00041,67,advanced,challenge,tablet,unavailable,challenge,0.25,3,3,1,1.0,synthetic_simulated_event
SYN-00042,79,advanced,example,mobile,unavailable,challenge,0.25,3,3,1,1.0,synthetic_simulated_event
SYN-00043,34,beginner,challenge,mobile,unavailable,concise,0.25,0,3,0,0.0,synthetic_simulated_event
SYN-00044,14,intermediate,challenge,desktop,unavailable,concise,0.25,0,3,0,0.0,synthetic_simulated_event
SYN-00045,60,intermediate,hint,tablet,unavailable,hint,0.25,3,3,1,1.0,synthetic_simulated_event
SYN-00046,88,advanced,hint,tablet,unavailable,example,0.25,3,3,1,1.0,synthetic_simulated_event
SYN-00047,59,intermediate,hint,desktop,unavailable,example,0.25,0,3,0,0.0,synthetic_simulated_event
SYN-00048,50,beginner,concise,desktop,unavailable,challenge,0.25,0,3,0,0.0,synthetic_simulated_event
SYN-00049,52,intermediate,challenge,tablet,unavailable,hint,0.25,0,3,0,0.0,synthetic_simulated_event
SYN-00050,42,intermediate,hint,mobile,unavailable,challenge,0.25,1,3,1,0.4667,synthetic_simulated_event
SYN-00051,73,advanced,hint,tablet,unavailable,example,0.25,2,3,1,0.7333,synthetic_simulated_event
SYN-00052,26,beginner,concise,tablet,unavailable,concise,0.25,3,3,1,1.0,synthetic_simulated_event
SYN-00053,69,advanced,concise,desktop,unavailable,hint,0.25,2,3,1,0.7333,synthetic_simulated_event
SYN-00054,83,intermediate,challenge,tablet,unavailable,example,0.25,2,3,1,0.7333,synthetic_simulated_event
SYN-00055,31,beginner,concise,desktop,unavailable,concise,0.25,1,3,1,0.4667,synthetic_simulated_event
SYN-00056,37,beginner,hint,tablet,unavailable,example,0.25,0,3,0,0.0,synthetic_simulated_event
SYN-00057,27,intermediate,example,mobile,unavailable,example,0.25,0,3,0,0.0,synthetic_simulated_event
SYN-00058,65,advanced,challenge,tablet,unavailable,example,0.25,3,3,1,1.0,synthetic_simulated_event
SYN-00059,80,advanced,concise,mobile,unavailable,hint,0.25,2,3,1,0.7333,synthetic_simulated_event
SYN-00060,13,beginner,hint,desktop,unavailable,challenge,0.25,1,3,1,0.4667,synthetic_simulated_event
SYN-00061,42,intermediate,challenge,tablet,unavailable,example,0.25,2,3,1,0.7333,synthetic_simulated_event
SYN-00062,42,intermediate,challenge,desktop,unavailable,concise,0.25,1,3,1,0.4667,synthetic_simulated_event
SYN-00063,26,intermediate,example,mobile,unavailable,challenge,0.25,1,3,1,0.4667,synthetic_simulated_event
SYN-00064,16,beginner,hint,tablet,unavailable,example,0.25,0,3,1,0.2,synthetic_simulated_event
SYN-00065,79,advanced,example,desktop,unavailable,hint,0.25,2,3,1,0.7333,synthetic_simulated_event
SYN-00066,27,intermediate,hint,mobile,unavailable,challenge,0.25,1,3,1,0.4667,synthetic_simulated_event
SYN-00067,39,beginner,example,tablet,unavailable,concise,0.25,0,3,0,0.0,synthetic_simulated_event
SYN-00068,38,intermediate,concise,desktop,unavailable,hint,0.25,0,3,0,0.0,synthetic_simulated_event
SYN-00069,52,intermediate,challenge,desktop,unavailable,concise,0.25,0,3,1,0.2,synthetic_simulated_event
SYN-00070,17,beginner,challenge,desktop,unavailable,challenge,0.25,0,3,1,0.2,synthetic_simulated_event
SYN-00071,51,intermediate,concise,desktop,unavailable,concise,0.25,0,3,1,0.2,synthetic_simulated_event
SYN-00072,72,advanced,example,desktop,unavailable,challenge,0.25,1,3,1,0.4667,synthetic_simulated_event
SYN-00073,55,intermediate,challenge,desktop,unavailable,concise,0.25,1,3,1,0.4667,synthetic_simulated_event
SYN-00074,35,intermediate,example,desktop,unavailable,concise,0.25,3,3,1,1.0,synthetic_simulated_event
SYN-00075,22,beginner,challenge,tablet,unavailable,concise,0.25,1,3,1,0.4667,synthetic_simulated_event
SYN-00076,36,intermediate,challenge,desktop,unavailable,concise,0.25,3,3,1,1.0,synthetic_simulated_event
SYN-00077,47,beginner,challenge,desktop,unavailable,challenge,0.25,1,3,1,0.4667,synthetic_simulated_event
SYN-00078,68,intermediate,concise,tablet,unavailable,hint,0.25,0,3,1,0.2,synthetic_simulated_event
SYN-00079,76,intermediate,challenge,mobile,unavailable,challenge,0.25,3,3,1,1.0,synthetic_simulated_event
SYN-00080,22,beginner,example,desktop,unavailable,challenge,0.25,0,3,0,0.0,synthetic_simulated_event
SYN-00081,15,beginner,hint,tablet,unavailable,hint,0.25,1,3,1,0.4667,synthetic_simulated_event
SYN-00082,16,beginner,challenge,desktop,unavailable,hint,0.25,0,3,0,0.0,synthetic_simulated_event
SYN-00083,57,intermediate,hint,mobile,unavailable,concise,0.25,2,3,1,0.7333,synthetic_simulated_event
SYN-00084,85,advanced,hint,mobile,unavailable,challenge,0.25,2,3,1,0.7333,synthetic_simulated_event
SYN-00085,35,beginner,hint,mobile,unavailable,challenge,0.25,0,3,0,0.0,synthetic_simulated_event
SYN-00086,30,beginner,challenge,desktop,unavailable,hint,0.25,1,3,1,0.4667,synthetic_simulated_event
SYN-00087,48,beginner,concise,mobile,unavailable,example,0.25,0,3,1,0.2,synthetic_simulated_event
SYN-00088,34,beginner,concise,mobile,unavailable,hint,0.25,0,3,0,0.0,synthetic_simulated_event
SYN-00089,28,advanced,example,mobile,unavailable,example,0.25,2,3,1,0.7333,synthetic_simulated_event
SYN-00090,67,advanced,challenge,desktop,unavailable,concise,0.25,2,3,1,0.7333,synthetic_simulated_event
SYN-00091,15,beginner,concise,tablet,unavailable,concise,0.25,0,3,0,0.0,synthetic_simulated_event
SYN-00092,72,advanced,example,desktop,unavailable,hint,0.25,3,3,1,1.0,synthetic_simulated_event
SYN-00093,24,beginner,concise,mobile,unavailable,challenge,0.25,1,3,1,0.4667,synthetic_simulated_event
SYN-00094,60,intermediate,example,desktop,unavailable,concise,0.25,2,3,1,0.7333,synthetic_simulated_event
SYN-00095,27,beginner,concise,mobile,unavailable,challenge,0.25,0,3,1,0.2,synthetic_simulated_event
SYN-00096,88,advanced,hint,tablet,unavailable,challenge,0.25,2,3,1,0.7333,synthetic_simulated_event
SYN-00097,30,beginner,example,mobile,unavailable,challenge,0.25,0,3,0,0.0,synthetic_simulated_event
SYN-00098,23,beginner,concise,mobile,unavailable,example,0.25,0,3,0,0.0,synthetic_simulated_event
SYN-00099,24,beginner,concise,mobile,unavailable,concise,0.25,1,3,1,0.4667,synthetic_simulated_event
SYN-00100,49,beginner,concise,mobile,unavailable,hint,0.25,1,3,1,0.4667,synthetic_simulated_event
SYN-00101,44,intermediate,example,mobile,unavailable,example,0.25,2,3,1,0.7333,synthetic_simulated_event
SYN-00102,54,advanced,example,desktop,unavailable,example,0.25,0,3,1,0.2,synthetic_simulated_event
SYN-00103,78,advanced,example,tablet,unavailable,hint,0.25,2,3,1,0.7333,synthetic_simulated_event
SYN-00104,44,intermediate,concise,desktop,unavailable,concise,0.25,0,3,0,0.0,synthetic_simulated_event
SYN-00105,100,advanced,example,desktop,unavailable,hint,0.25,2,3,1,0.7333,synthetic_simulated_event
SYN-00106,30,beginner,example,tablet,unavailable,hint,0.25,0,3,0,0.0,synthetic_simulated_event
SYN-00107,81,advanced,hint,mobile,unavailable,example,0.25,2,3,1,0.7333,synthetic_simulated_event
SYN-00108,49,beginner,challenge,tablet,unavailable,hint,0.25,3,3,1,1.0,synthetic_simulated_event
SYN-00109,21,beginner,concise,mobile,unavailable,concise,0.25,0,3,0,0.0,synthetic_simulated_event
SYN-00110,50,intermediate,hint,tablet,unavailable,challenge,0.25,0,3,0,0.0,synthetic_simulated_event
SYN-00111,74,advanced,challenge,desktop,unavailable,challenge,0.25,2,3,1,0.7333,synthetic_simulated_event
SYN-00112,41,intermediate,challenge,desktop,unavailable,example,0.25,0,3,1,0.2,synthetic_simulated_event
SYN-00113,38,beginner,concise,desktop,unavailable,challenge,0.25,0,3,1,0.2,synthetic_simulated_event
SYN-00114,75,intermediate,concise,tablet,unavailable,challenge,0.25,3,3,1,1.0,synthetic_simulated_event
SYN-00115,69,advanced,concise,desktop,unavailable,challenge,0.25,1,3,1,0.4667,synthetic_simulated_event
SYN-00116,31,beginner,hint,desktop,unavailable,example,0.25,0,3,0,0.0,synthetic_simulated_event
SYN-00117,55,intermediate,hint,mobile,unavailable,example,0.25,1,3,1,0.4667,synthetic_simulated_event
SYN-00118,53,beginner,hint,mobile,unavailable,hint,0.25,0,3,1,0.2,synthetic_simulated_event
SYN-00119,67,advanced,example,tablet,unavailable,challenge,0.25,0,3,0,0.0,synthetic_simulated_event
SYN-00120,26,beginner,concise,mobile,unavailable,hint,0.25,3,3,1,1.0,synthetic_simulated_event
SYN-00121,29,intermediate,hint,desktop,unavailable,hint,0.25,0,3,0,0.0,synthetic_simulated_event
SYN-00122,47,beginner,challenge,tablet,unavailable,challenge,0.25,2,3,1,0.7333,synthetic_simulated_event
SYN-00123,35,beginner,hint,tablet,unavailable,challenge,0.25,2,3,1,0.7333,synthetic_simulated_event
SYN-00124,30,beginner,concise,desktop,unavailable,example,0.25,0,3,1,0.2,synthetic_simulated_event
SYN-00125,100,advanced,challenge,tablet,unavailable,challenge,0.25,1,3,1,0.4667,synthetic_simulated_event
SYN-00126,96,intermediate,concise,tablet,unavailable,hint,0.25,3,3,1,1.0,synthetic_simulated_event
SYN-00127,35,beginner,example,desktop,unavailable,challenge,0.25,0,3,1,0.2,synthetic_simulated_event
SYN-00128,91,advanced,hint,mobile,unavailable,challenge,0.25,1,3,1,0.4667,synthetic_simulated_event
SYN-00129,0,beginner,example,mobile,unavailable,hint,0.25,1,3,1,0.4667,synthetic_simulated_event
SYN-00130,22,beginner,hint,desktop,unavailable,example,0.25,2,3,1,0.7333,synthetic_simulated_event
SYN-00131,34,beginner,concise,mobile,unavailable,example,0.25,1,3,1,0.4667,synthetic_simulated_event
SYN-00132,17,beginner,concise,desktop,unavailable,concise,0.25,2,3,1,0.7333,synthetic_simulated_event
SYN-00133,62,advanced,example,mobile,unavailable,challenge,0.25,3,3,1,1.0,synthetic_simulated_event
SYN-00134,91,advanced,concise,tablet,unavailable,example,0.25,3,3,1,1.0,synthetic_simulated_event
SYN-00135,88,advanced,hint,desktop,unavailable,example,0.25,0,3,0,0.0,synthetic_simulated_event
SYN-00136,28,intermediate,hint,tablet,unavailable,challenge,0.25,2,3,1,0.7333,synthetic_simulated_event
SYN-00137,73,intermediate,example,desktop,unavailable,challenge,0.25,3,3,1,1.0,synthetic_simulated_event
SYN-00138,75,intermediate,concise,tablet,unavailable,challenge,0.25,3,3,1,1.0,synthetic_simulated_event
SYN-00139,78,advanced,example,tablet,unavailable,hint,0.25,2,3,1,0.7333,synthetic_simulated_event
SYN-00140,98,advanced,hint,desktop,unavailable,example,0.25,3,3,1,1.0,synthetic_simulated_event
SYN-00141,84,advanced,challenge,mobile,unavailable,example,0.25,1,3,1,0.4667,synthetic_simulated_event
SYN-00142,90,advanced,challenge,tablet,unavailable,challenge,0.25,0,3,0,0.0,synthetic_simulated_event
SYN-00143,41,beginner,hint,mobile,unavailable,example,0.25,0,3,0,0.0,synthetic_simulated_event
SYN-00144,96,intermediate,example,desktop,unavailable,concise,0.25,0,3,1,0.2,synthetic_simulated_event
SYN-00145,78,intermediate,concise,tablet,unavailable,challenge,0.25,1,3,1,0.4667,synthetic_simulated_event
SYN-00146,72,advanced,example,mobile,unavailable,concise,0.25,0,3,1,0.2,synthetic_simulated_event
SYN-00147,71,advanced,example,mobile,unavailable,concise,0.25,1,3,1,0.4667,synthetic_simulated_event
SYN-00148,52,intermediate,hint,desktop,unavailable,challenge,0.25,1,3,1,0.4667,synthetic_simulated_event
SYN-00149,28,beginner,concise,mobile,unavailable,hint,0.25,2,3,1,0.7333,synthetic_simulated_event
SYN-00150,58,advanced,concise,desktop,unavailable,concise,0.25,1,3,1,0.4667,synthetic_simulated_event
SYN-00151,49,advanced,hint,desktop,unavailable,concise,0.25,0,3,1,0.2,synthetic_simulated_event
SYN-00152,0,beginner,challenge,desktop,unavailable,challenge,0.25,0,3,0,0.0,synthetic_simulated_event
SYN-00153,20,intermediate,concise,mobile,unavailable,hint,0.25,2,3,1,0.7333,synthetic_simulated_event
SYN-00154,83,advanced,hint,mobile,unavailable,concise,0.25,2,3,1,0.7333,synthetic_simulated_event
SYN-00155,32,beginner,challenge,desktop,unavailable,challenge,0.25,1,3,1,0.4667,synthetic_simulated_event
SYN-00156,45,intermediate,concise,tablet,unavailable,concise,0.25,0,3,0,0.0,synthetic_simulated_event
SYN-00157,57,intermediate,concise,mobile,unavailable,example,0.25,2,3,1,0.7333,synthetic_simulated_event
SYN-00158,30,beginner,concise,tablet,unavailable,hint,0.25,3,3,1,1.0,synthetic_simulated_event
SYN-00159,37,intermediate,concise,desktop,unavailable,concise,0.25,3,3,1,1.0,synthetic_simulated_event
SYN-00160,22,beginner,example,mobile,unavailable,hint,0.25,0,3,0,0.0,synthetic_simulated_event
SYN-00161,23,beginner,hint,desktop,unavailable,concise,0.25,0,3,0,0.0,synthetic_simulated_event
SYN-00162,68,intermediate,challenge,tablet,unavailable,example,0.25,2,3,1,0.7333,synthetic_simulated_event
SYN-00163,19,beginner,challenge,desktop,unavailable,hint,0.25,0,3,0,0.0,synthetic_simulated_event
SYN-00164,96,advanced,example,mobile,unavailable,challenge,0.25,2,3,1,0.7333,synthetic_simulated_event
SYN-00165,56,advanced,concise,mobile,unavailable,hint,0.25,0,3,0,0.0,synthetic_simulated_event
SYN-00166,7,beginner,hint,tablet,unavailable,concise,0.25,0,3,0,0.0,synthetic_simulated_event
SYN-00167,58,intermediate,hint,mobile,unavailable,challenge,0.25,0,3,0,0.0,synthetic_simulated_event
SYN-00168,76,advanced,hint,desktop,unavailable,challenge,0.25,2,3,1,0.7333,synthetic_simulated_event
SYN-00169,66,advanced,hint,desktop,unavailable,hint,0.25,2,3,1,0.7333,synthetic_simulated_event
SYN-00170,75,intermediate,example,tablet,unavailable,concise,0.25,1,3,1,0.4667,synthetic_simulated_event
SYN-00171,34,beginner,challenge,mobile,unavailable,concise,0.25,1,3,1,0.4667,synthetic_simulated_event
SYN-00172,60,advanced,hint,desktop,unavailable,hint,0.25,3,3,1,1.0,synthetic_simulated_event
SYN-00173,35,intermediate,concise,mobile,unavailable,hint,0.25,0,3,1,0.2,synthetic_simulated_event
SYN-00174,50,advanced,hint,tablet,unavailable,hint,0.25,3,3,1,1.0,synthetic_simulated_event
SYN-00175,68,intermediate,example,desktop,unavailable,hint,0.25,1,3,1,0.4667,synthetic_simulated_event
SYN-00176,0,beginner,example,mobile,unavailable,hint,0.25,0,3,1,0.2,synthetic_simulated_event
SYN-00177,71,intermediate,example,mobile,unavailable,challenge,0.25,1,3,1,0.4667,synthetic_simulated_event
SYN-00178,29,beginner,challenge,mobile,unavailable,hint,0.25,0,3,0,0.0,synthetic_simulated_event
SYN-00179,83,intermediate,hint,desktop,unavailable,hint,0.25,2,3,1,0.7333,synthetic_simulated_event
SYN-00180,78,advanced,challenge,tablet,unavailable,example,0.25,0,3,0,0.0,synthetic_simulated_event
SYN-00181,94,advanced,concise,desktop,unavailable,concise,0.25,3,3,1,1.0,synthetic_simulated_event
SYN-00182,47,beginner,challenge,desktop,unavailable,example,0.25,1,3,1,0.4667,synthetic_simulated_event
SYN-00183,68,intermediate,challenge,mobile,unavailable,example,0.25,0,3,0,0.0,synthetic_simulated_event
SYN-00184,0,beginner,hint,desktop,unavailable,concise,0.25,1,3,1,0.4667,synthetic_simulated_event
SYN-00185,76,advanced,challenge,mobile,unavailable,challenge,0.25,2,3,1,0.7333,synthetic_simulated_event
SYN-00186,44,beginner,challenge,tablet,unavailable,example,0.25,1,3,1,0.4667,synthetic_simulated_event
SYN-00187,58,advanced,challenge,desktop,unavailable,example,0.25,1,3,1,0.4667,synthetic_simulated_event
SYN-00188,42,beginner,example,desktop,unavailable,challenge,0.25,0,3,0,0.0,synthetic_simulated_event
SYN-00189,48,intermediate,example,tablet,unavailable,concise,0.25,1,3,1,0.4667,synthetic_simulated_event
SYN-00190,78,advanced,challenge,desktop,unavailable,concise,0.25,1,3,1,0.4667,synthetic_simulated_event
SYN-00191,70,advanced,challenge,tablet,unavailable,example,0.25,2,3,1,0.7333,synthetic_simulated_event
SYN-00192,25,beginner,hint,mobile,unavailable,challenge,0.25,0,3,0,0.0,synthetic_simulated_event
SYN-00193,66,intermediate,hint,desktop,unavailable,hint,0.25,0,3,0,0.0,synthetic_simulated_event
SYN-00194,58,advanced,hint,mobile,unavailable,example,0.25,0,3,0,0.0,synthetic_simulated_event
SYN-00195,40,beginner,hint,tablet,unavailable,challenge,0.25,0,3,0,0.0,synthetic_simulated_event
SYN-00196,17,beginner,hint,tablet,unavailable,concise,0.25,2,3,1,0.7333,synthetic_simulated_event
SYN-00197,82,advanced,concise,mobile,unavailable,example,0.25,0,3,0,0.0,synthetic_simulated_event
SYN-00198,79,intermediate,example,tablet,unavailable,hint,0.25,1,3,1,0.4667,synthetic_simulated_event
SYN-00199,46,intermediate,example,desktop,unavailable,concise,0.25,2,3,1,0.7333,synthetic_simulated_event
SYN-00200,38,beginner,hint,desktop,unavailable,hint,0.25,2,3,1,0.7333,synthetic_simulated_event
SYN-00201,47,intermediate,example,desktop,unavailable,concise,0.25,1,3,1,0.4667,synthetic_simulated_event
SYN-00202,28,beginner,concise,tablet,unavailable,hint,0.25,0,3,1,0.2,synthetic_simulated_event
SYN-00203,26,advanced,hint,mobile,unavailable,hint,0.25,0,3,0,0.0,synthetic_simulated_event
SYN-00204,73,advanced,example,tablet,unavailable,example,0.25,3,3,1,1.0,synthetic_simulated_event
SYN-00205,63,beginner,hint,tablet,unavailable,hint,0.25,1,3,1,0.4667,synthetic_simulated_event
SYN-00206,75,intermediate,challenge,tablet,unavailable,concise,0.25,2,3,1,0.7333,synthetic_simulated_event
SYN-00207,100,advanced,challenge,desktop,unavailable,example,0.25,3,3,1,1.0,synthetic_simulated_event
SYN-00208,18,beginner,example,tablet,unavailable,example,0.25,1,3,1,0.4667,synthetic_simulated_event
SYN-00209,5,beginner,challenge,mobile,unavailable,hint,0.25,1,3,1,0.4667,synthetic_simulated_event
SYN-00210,62,intermediate,concise,tablet,unavailable,hint,0.25,3,3,1,1.0,synthetic_simulated_event
SYN-00211,84,advanced,example,tablet,unavailable,challenge,0.25,1,3,1,0.4667,synthetic_simulated_event
SYN-00212,71,intermediate,challenge,mobile,unavailable,concise,0.25,2,3,1,0.7333,synthetic_simulated_event
SYN-00213,39,intermediate,hint,desktop,unavailable,hint,0.25,2,3,1,0.7333,synthetic_simulated_event
SYN-00214,30,intermediate,concise,tablet,unavailable,concise,0.25,1,3,1,0.4667,synthetic_simulated_event
SYN-00215,61,beginner,hint,mobile,unavailable,challenge,0.25,0,3,0,0.0,synthetic_simulated_event
SYN-00216,21,beginner,concise,mobile,unavailable,challenge,0.25,1,3,1,0.4667,synthetic_simulated_event
SYN-00217,19,beginner,challenge,tablet,unavailable,hint,0.25,1,3,1,0.4667,synthetic_simulated_event
SYN-00218,45,intermediate,challenge,mobile,unavailable,challenge,0.25,0,3,0,0.0,synthetic_simulated_event
SYN-00219,88,advanced,example,desktop,unavailable,hint,0.25,1,3,1,0.4667,synthetic_simulated_event
SYN-00220,54,beginner,example,desktop,unavailable,hint,0.25,0,3,1,0.2,synthetic_simulated_event
SYN-00221,26,beginner,hint,tablet,unavailable,example,0.25,0,3,1,0.2,synthetic_simulated_event
SYN-00222,77,advanced,example,mobile,unavailable,concise,0.25,2,3,1,0.7333,synthetic_simulated_event
SYN-00223,47,advanced,hint,mobile,unavailable,challenge,0.25,2,3,1,0.7333,synthetic_simulated_event
SYN-00224,47,intermediate,hint,mobile,unavailable,example,0.25,1,3,1,0.4667,synthetic_simulated_event
SYN-00225,49,advanced,concise,tablet,unavailable,concise,0.25,2,3,1,0.7333,synthetic_simulated_event
SYN-00226,9,beginner,example,mobile,unavailable,challenge,0.25,0,3,0,0.0,synthetic_simulated_event
SYN-00227,0,beginner,concise,desktop,unavailable,example,0.25,1,3,1,0.4667,synthetic_simulated_event
SYN-00228,24,beginner,challenge,desktop,unavailable,challenge,0.25,0,3,0,0.0,synthetic_simulated_event
SYN-00229,75,advanced,challenge,desktop,unavailable,challenge,0.25,2,3,1,0.7333,synthetic_simulated_event
SYN-00230,38,beginner,hint,desktop,unavailable,hint,0.25,2,3,1,0.7333,synthetic_simulated_event
SYN-00231,29,intermediate,concise,desktop,unavailable,challenge,0.25,0,3,0,0.0,synthetic_simulated_event
SYN-00232,46,advanced,concise,desktop,unavailable,challenge,0.25,2,3,1,0.7333,synthetic_simulated_event
SYN-00233,40,intermediate,example,desktop,unavailable,example,0.25,2,3,1,0.7333,synthetic_simulated_event
SYN-00234,48,intermediate,hint,tablet,unavailable,hint,0.25,3,3,1,1.0,synthetic_simulated_event
SYN-00235,10,beginner,concise,desktop,unavailable,hint,0.25,2,3,1,0.7333,synthetic_simulated_event
SYN-00236,96,advanced,hint,desktop,unavailable,example,0.25,3,3,1,1.0,synthetic_simulated_event
SYN-00237,45,beginner,concise,tablet,unavailable,example,0.25,1,3,1,0.4667,synthetic_simulated_event
SYN-00238,16,beginner,hint,mobile,unavailable,example,0.25,1,3,1,0.4667,synthetic_simulated_event
SYN-00239,53,beginner,concise,desktop,unavailable,example,0.25,1,3,1,0.4667,synthetic_simulated_event
SYN-00240,41,intermediate,concise,mobile,unavailable,hint,0.25,0,3,1,0.2,synthetic_simulated_event
SYN-00241,52,advanced,hint,desktop,unavailable,challenge,0.25,0,3,0,0.0,synthetic_simulated_event
SYN-00242,35,intermediate,concise,mobile,unavailable,hint,0.25,0,3,1,0.2,synthetic_simulated_event
SYN-00243,34,beginner,hint,tablet,unavailable,challenge,0.25,0,3,1,0.2,synthetic_simulated_event
SYN-00244,29,beginner,challenge,desktop,unavailable,concise,0.25,0,3,0,0.0,synthetic_simulated_event
SYN-00245,64,advanced,concise,tablet,unavailable,example,0.25,3,3,1,1.0,synthetic_simulated_event
SYN-00246,26,beginner,hint,mobile,unavailable,example,0.25,0,3,0,0.0,synthetic_simulated_event
SYN-00247,44,beginner,challenge,desktop,unavailable,hint,0.25,2,3,1,0.7333,synthetic_simulated_event
SYN-00248,74,advanced,example,mobile,unavailable,example,0.25,3,3,1,1.0,synthetic_simulated_event
SYN-00249,69,intermediate,concise,desktop,unavailable,challenge,0.25,2,3,1,0.7333,synthetic_simulated_event
SYN-00250,45,advanced,challenge,mobile,unavailable,concise,0.25,0,3,0,0.0,synthetic_simulated_event
SYN-00251,31,advanced,hint,tablet,unavailable,example,0.25,0,3,1,0.2,synthetic_simulated_event
SYN-00252,19,beginner,hint,desktop,unavailable,hint,0.25,2,3,1,0.7333,synthetic_simulated_event
SYN-00253,79,advanced,example,desktop,unavailable,hint,0.25,1,3,1,0.4667,synthetic_simulated_event
SYN-00254,5,beginner,concise,tablet,unavailable,challenge,0.25,0,3,1,0.2,synthetic_simulated_event
SYN-00255,35,intermediate,challenge,tablet,unavailable,challenge,0.25,0,3,0,0.0,synthetic_simulated_event
SYN-00256,87,advanced,example,mobile,unavailable,hint,0.25,0,3,1,0.2,synthetic_simulated_event
SYN-00257,29,beginner,example,mobile,unavailable,challenge,0.25,1,3,1,0.4667,synthetic_simulated_event
SYN-00258,46,intermediate,hint,desktop,unavailable,example,0.25,2,3,1,0.7333,synthetic_simulated_event
SYN-00259,27,intermediate,challenge,mobile,unavailable,concise,0.25,2,3,1,0.7333,synthetic_simulated_event
SYN-00260,60,intermediate,hint,tablet,unavailable,challenge,0.25,0,3,1,0.2,synthetic_simulated_event
SYN-00261,52,intermediate,example,desktop,unavailable,concise,0.25,2,3,1,0.7333,synthetic_simulated_event
SYN-00262,3,beginner,example,mobile,unavailable,example,0.25,0,3,0,0.0,synthetic_simulated_event
SYN-00263,79,advanced,hint,tablet,unavailable,challenge,0.25,3,3,1,1.0,synthetic_simulated_event
SYN-00264,48,intermediate,concise,mobile,unavailable,example,0.25,2,3,1,0.7333,synthetic_simulated_event
SYN-00265,38,intermediate,concise,mobile,unavailable,concise,0.25,0,3,0,0.0,synthetic_simulated_event
SYN-00266,53,intermediate,hint,desktop,unavailable,hint,0.25,2,3,1,0.7333,synthetic_simulated_event
SYN-00267,24,beginner,example,tablet,unavailable,example,0.25,0,3,0,0.0,synthetic_simulated_event
SYN-00268,53,intermediate,hint,mobile,unavailable,hint,0.25,1,3,1,0.4667,synthetic_simulated_event
SYN-00269,66,beginner,concise,desktop,unavailable,hint,0.25,2,3,1,0.7333,synthetic_simulated_event
SYN-00270,100,advanced,challenge,desktop,unavailable,hint,0.25,3,3,1,1.0,synthetic_simulated_event
SYN-00271,79,advanced,hint,tablet,unavailable,challenge,0.25,0,3,1,0.2,synthetic_simulated_event
SYN-00272,72,advanced,concise,tablet,unavailable,challenge,0.25,2,3,1,0.7333,synthetic_simulated_event
SYN-00273,47,intermediate,challenge,desktop,unavailable,concise,0.25,0,3,0,0.0,synthetic_simulated_event
SYN-00274,65,beginner,challenge,tablet,unavailable,hint,0.25,1,3,1,0.4667,synthetic_simulated_event
SYN-00275,34,beginner,example,tablet,unavailable,example,0.25,0,3,0,0.0,synthetic_simulated_event
SYN-00276,70,intermediate,hint,desktop,unavailable,challenge,0.25,2,3,1,0.7333,synthetic_simulated_event
SYN-00277,16,beginner,example,mobile,unavailable,challenge,0.25,0,3,0,0.0,synthetic_simulated_event
SYN-00278,22,beginner,example,desktop,unavailable,example,0.25,1,3,1,0.4667,synthetic_simulated_event
SYN-00279,27,beginner,example,mobile,unavailable,hint,0.25,0,3,1,0.2,synthetic_simulated_event
SYN-00280,62,advanced,concise,mobile,unavailable,challenge,0.25,1,3,1,0.4667,synthetic_simulated_event
SYN-00281,36,intermediate,challenge,tablet,unavailable,concise,0.25,0,3,0,0.0,synthetic_simulated_event
SYN-00282,56,advanced,hint,mobile,unavailable,hint,0.25,2,3,1,0.7333,synthetic_simulated_event
SYN-00283,61,advanced,hint,mobile,unavailable,challenge,0.25,0,3,1,0.2,synthetic_simulated_event
SYN-00284,47,intermediate,challenge,mobile,unavailable,concise,0.25,2,3,1,0.7333,synthetic_simulated_event
SYN-00285,66,intermediate,hint,desktop,unavailable,concise,0.25,1,3,1,0.4667,synthetic_simulated_event
SYN-00286,79,advanced,example,tablet,unavailable,challenge,0.25,2,3,1,0.7333,synthetic_simulated_event
SYN-00287,92,advanced,challenge,mobile,unavailable,challenge,0.25,2,3,1,0.7333,synthetic_simulated_event
SYN-00288,54,beginner,concise,mobile,unavailable,challenge,0.25,2,3,1,0.7333,synthetic_simulated_event
SYN-00289,72,advanced,example,mobile,unavailable,example,0.25,1,3,1,0.4667,synthetic_simulated_event
SYN-00290,15,intermediate,challenge,tablet,unavailable,concise,0.25,2,3,1,0.7333,synthetic_simulated_event
SYN-00291,93,advanced,concise,desktop,unavailable,hint,0.25,0,3,1,0.2,synthetic_simulated_event
SYN-00292,42,beginner,hint,mobile,unavailable,example,0.25,3,3,1,1.0,synthetic_simulated_event
SYN-00293,86,advanced,example,mobile,unavailable,hint,0.25,1,3,1,0.4667,synthetic_simulated_event
SYN-00294,82,intermediate,hint,desktop,unavailable,concise,0.25,0,3,0,0.0,synthetic_simulated_event
SYN-00295,67,intermediate,concise,desktop,unavailable,example,0.25,2,3,1,0.7333,synthetic_simulated_event
SYN-00296,60,advanced,example,desktop,unavailable,concise,0.25,1,3,1,0.4667,synthetic_simulated_event
SYN-00297,44,intermediate,challenge,desktop,unavailable,challenge,0.25,3,3,1,1.0,synthetic_simulated_event
SYN-00298,35,beginner,concise,tablet,unavailable,hint,0.25,0,3,0,0.0,synthetic_simulated_event
SYN-00299,24,beginner,concise,desktop,unavailable,hint,0.25,2,3,1,0.7333,synthetic_simulated_event
SYN-00300,47,intermediate,hint,desktop,unavailable,challenge,0.25,2,3,1,0.7333,synthetic_simulated_event
SYN-00301,84,advanced,challenge,mobile,unavailable,hint,0.25,2,3,1,0.7333,synthetic_simulated_event
SYN-00302,20,beginner,challenge,tablet,unavailable,challenge,0.25,1,3,1,0.4667,synthetic_simulated_event
SYN-00303,73,advanced,example,mobile,unavailable,concise,0.25,1,3,1,0.4667,synthetic_simulated_event
SYN-00304,95,advanced,hint,mobile,unavailable,hint,0.25,2,3,1,0.7333,synthetic_simulated_event
SYN-00305,0,beginner,concise,desktop,unavailable,challenge,0.25,0,3,1,0.2,synthetic_simulated_event
SYN-00306,7,beginner,hint,mobile,unavailable,challenge,0.25,0,3,0,0.0,synthetic_simulated_event
SYN-00307,57,advanced,concise,tablet,unavailable,concise,0.25,1,3,1,0.4667,synthetic_simulated_event
SYN-00308,35,beginner,hint,desktop,unavailable,challenge,0.25,0,3,0,0.0,synthetic_simulated_event
SYN-00309,15,beginner,hint,mobile,unavailable,concise,0.25,1,3,1,0.4667,synthetic_simulated_event
SYN-00310,32,beginner,challenge,tablet,unavailable,example,0.25,0,3,0,0.0,synthetic_simulated_event
SYN-00311,53,intermediate,challenge,tablet,unavailable,challenge,0.25,1,3,1,0.4667,synthetic_simulated_event
SYN-00312,64,advanced,challenge,tablet,unavailable,hint,0.25,0,3,0,0.0,synthetic_simulated_event
SYN-00313,39,beginner,concise,desktop,unavailable,challenge,0.25,0,3,0,0.0,synthetic_simulated_event
SYN-00314,66,intermediate,example,tablet,unavailable,hint,0.25,0,3,0,0.0,synthetic_simulated_event
SYN-00315,73,advanced,example,mobile,unavailable,example,0.25,1,3,1,0.4667,synthetic_simulated_event
SYN-00316,11,beginner,challenge,tablet,unavailable,concise,0.25,0,3,1,0.2,synthetic_simulated_event
SYN-00317,7,intermediate,hint,mobile,unavailable,hint,0.25,3,3,1,1.0,synthetic_simulated_event
SYN-00318,58,advanced,concise,tablet,unavailable,concise,0.25,3,3,1,1.0,synthetic_simulated_event
SYN-00319,65,beginner,challenge,mobile,unavailable,hint,0.25,2,3,1,0.7333,synthetic_simulated_event
SYN-00320,50,advanced,example,desktop,unavailable,hint,0.25,2,3,1,0.7333,synthetic_simulated_event
SYN-00321,52,intermediate,hint,tablet,unavailable,example,0.25,0,3,0,0.0,synthetic_simulated_event
SYN-00322,83,advanced,example,tablet,unavailable,concise,0.25,1,3,1,0.4667,synthetic_simulated_event
SYN-00323,48,intermediate,concise,desktop,unavailable,challenge,0.25,2,3,1,0.7333,synthetic_simulated_event
SYN-00324,92,intermediate,example,tablet,unavailable,challenge,0.25,2,3,1,0.7333,synthetic_simulated_event
SYN-00325,19,intermediate,concise,mobile,unavailable,concise,0.25,0,3,0,0.0,synthetic_simulated_event
SYN-00326,73,advanced,challenge,tablet,unavailable,hint,0.25,2,3,1,0.7333,synthetic_simulated_event
SYN-00327,65,advanced,concise,mobile,unavailable,hint,0.25,0,3,0,0.0,synthetic_simulated_event
SYN-00328,28,intermediate,example,mobile,unavailable,hint,0.25,2,3,1,0.7333,synthetic_simulated_event
SYN-00329,40,intermediate,challenge,mobile,unavailable,challenge,0.25,2,3,1,0.7333,synthetic_simulated_event
SYN-00330,75,advanced,challenge,mobile,unavailable,challenge,0.25,0,3,0,0.0,synthetic_simulated_event
SYN-00331,55,intermediate,concise,tablet,unavailable,concise,0.25,3,3,1,1.0,synthetic_simulated_event
SYN-00332,58,advanced,concise,tablet,unavailable,example,0.25,2,3,1,0.7333,synthetic_simulated_event
SYN-00333,37,beginner,challenge,tablet,unavailable,challenge,0.25,1,3,1,0.4667,synthetic_simulated_event
SYN-00334,69,advanced,challenge,mobile,unavailable,concise,0.25,0,3,0,0.0,synthetic_simulated_event
SYN-00335,17,beginner,example,mobile,unavailable,example,0.25,1,3,1,0.4667,synthetic_simulated_event
SYN-00336,100,advanced,challenge,mobile,unavailable,challenge,0.25,2,3,1,0.7333,synthetic_simulated_event
SYN-00337,3,beginner,example,tablet,unavailable,challenge,0.25,0,3,0,0.0,synthetic_simulated_event
SYN-00338,22,intermediate,concise,tablet,unavailable,concise,0.25,1,3,1,0.4667,synthetic_simulated_event
SYN-00339,33,beginner,concise,desktop,unavailable,hint,0.25,1,3,1,0.4667,synthetic_simulated_event
SYN-00340,63,intermediate,challenge,desktop,unavailable,hint,0.25,0,3,1,0.2,synthetic_simulated_event
SYN-00341,0,beginner,hint,mobile,unavailable,example,0.25,2,3,1,0.7333,synthetic_simulated_event
SYN-00342,54,intermediate,hint,tablet,unavailable,hint,0.25,0,3,1,0.2,synthetic_simulated_event
SYN-00343,36,intermediate,hint,desktop,unavailable,concise,0.25,0,3,0,0.0,synthetic_simulated_event
SYN-00344,52,beginner,example,desktop,unavailable,example,0.25,1,3,1,0.4667,synthetic_simulated_event
SYN-00345,71,intermediate,concise,tablet,unavailable,example,0.25,1,3,1,0.4667,synthetic_simulated_event
SYN-00346,27,intermediate,concise,desktop,unavailable,concise,0.25,0,3,1,0.2,synthetic_simulated_event
SYN-00347,39,beginner,concise,tablet,unavailable,challenge,0.25,0,3,1,0.2,synthetic_simulated_event
SYN-00348,9,beginner,concise,tablet,unavailable,example,0.25,1,3,1,0.4667,synthetic_simulated_event
SYN-00349,74,beginner,example,mobile,unavailable,hint,0.25,0,3,0,0.0,synthetic_simulated_event
SYN-00350,30,beginner,hint,mobile,unavailable,concise,0.25,1,3,1,0.4667,synthetic_simulated_event
SYN-00351,46,intermediate,concise,tablet,unavailable,example,0.25,0,3,0,0.0,synthetic_simulated_event
SYN-00352,31,beginner,example,tablet,unavailable,example,0.25,2,3,1,0.7333,synthetic_simulated_event
SYN-00353,0,beginner,concise,desktop,unavailable,example,0.25,0,3,1,0.2,synthetic_simulated_event
SYN-00354,33,beginner,example,mobile,unavailable,example,0.25,0,3,0,0.0,synthetic_simulated_event
SYN-00355,52,beginner,example,mobile,unavailable,hint,0.25,0,3,1,0.2,synthetic_simulated_event
SYN-00356,55,intermediate,concise,mobile,unavailable,concise,0.25,3,3,1,1.0,synthetic_simulated_event
SYN-00357,43,beginner,challenge,tablet,unavailable,example,0.25,2,3,1,0.7333,synthetic_simulated_event
SYN-00358,57,intermediate,concise,tablet,unavailable,example,0.25,1,3,1,0.4667,synthetic_simulated_event
SYN-00359,26,beginner,example,mobile,unavailable,example,0.25,0,3,1,0.2,synthetic_simulated_event
SYN-00360,16,intermediate,concise,tablet,unavailable,concise,0.25,0,3,1,0.2,synthetic_simulated_event
SYN-00361,45,intermediate,concise,tablet,unavailable,challenge,0.25,0,3,1,0.2,synthetic_simulated_event
SYN-00362,49,beginner,hint,desktop,unavailable,hint,0.25,0,3,0,0.0,synthetic_simulated_event
SYN-00363,46,intermediate,concise,desktop,unavailable,concise,0.25,1,3,1,0.4667,synthetic_simulated_event
SYN-00364,86,advanced,concise,desktop,unavailable,challenge,0.25,1,3,1,0.4667,synthetic_simulated_event
SYN-00365,74,intermediate,example,mobile,unavailable,hint,0.25,1,3,1,0.4667,synthetic_simulated_event
SYN-00366,80,advanced,example,tablet,unavailable,hint,0.25,0,3,1,0.2,synthetic_simulated_event
SYN-00367,24,beginner,hint,desktop,unavailable,example,0.25,0,3,1,0.2,synthetic_simulated_event
SYN-00368,49,intermediate,challenge,tablet,unavailable,challenge,0.25,2,3,1,0.7333,synthetic_simulated_event
SYN-00369,68,intermediate,hint,desktop,unavailable,concise,0.25,1,3,1,0.4667,synthetic_simulated_event
SYN-00370,38,advanced,example,mobile,unavailable,hint,0.25,2,3,1,0.7333,synthetic_simulated_event
SYN-00371,46,beginner,example,mobile,unavailable,example,0.25,0,3,1,0.2,synthetic_simulated_event
SYN-00372,39,beginner,challenge,tablet,unavailable,example,0.25,1,3,1,0.4667,synthetic_simulated_event
SYN-00373,61,advanced,hint,desktop,unavailable,example,0.25,0,3,1,0.2,synthetic_simulated_event
SYN-00374,39,beginner,concise,tablet,unavailable,challenge,0.25,1,3,1,0.4667,synthetic_simulated_event
SYN-00375,49,advanced,example,tablet,unavailable,challenge,0.25,0,3,0,0.0,synthetic_simulated_event
SYN-00376,52,advanced,example,mobile,unavailable,hint,0.25,1,3,1,0.4667,synthetic_simulated_event
SYN-00377,15,beginner,concise,tablet,unavailable,concise,0.25,1,3,1,0.4667,synthetic_simulated_event
SYN-00378,71,advanced,example,mobile,unavailable,concise,0.25,1,3,1,0.4667,synthetic_simulated_event
SYN-00379,64,intermediate,concise,tablet,unavailable,concise,0.25,2,3,1,0.7333,synthetic_simulated_event
SYN-00380,82,advanced,example,tablet,unavailable,challenge,0.25,1,3,1,0.4667,synthetic_simulated_event
SYN-00381,52,beginner,concise,mobile,unavailable,concise,0.25,1,3,1,0.4667,synthetic_simulated_event
SYN-00382,78,intermediate,concise,mobile,unavailable,example,0.25,2,3,1,0.7333,synthetic_simulated_event
SYN-00383,64,intermediate,example,mobile,unavailable,example,0.25,1,3,1,0.4667,synthetic_simulated_event
SYN-00384,0,beginner,example,tablet,unavailable,concise,0.25,1,3,1,0.4667,synthetic_simulated_event
SYN-00385,50,intermediate,concise,desktop,unavailable,concise,0.25,0,3,1,0.2,synthetic_simulated_event
SYN-00386,47,beginner,concise,desktop,unavailable,challenge,0.25,1,3,1,0.4667,synthetic_simulated_event
SYN-00387,15,beginner,example,desktop,unavailable,concise,0.25,0,3,0,0.0,synthetic_simulated_event
SYN-00388,100,advanced,example,mobile,unavailable,concise,0.25,2,3,1,0.7333,synthetic_simulated_event
SYN-00389,77,advanced,hint,mobile,unavailable,concise,0.25,0,3,0,0.0,synthetic_simulated_event
SYN-00390,56,advanced,example,tablet,unavailable,challenge,0.25,2,3,1,0.7333,synthetic_simulated_event
SYN-00391,73,beginner,challenge,tablet,unavailable,challenge,0.25,1,3,1,0.4667,synthetic_simulated_event
SYN-00392,50,beginner,example,mobile,unavailable,example,0.25,3,3,1,1.0,synthetic_simulated_event
SYN-00393,40,intermediate,challenge,mobile,unavailable,concise,0.25,2,3,1,0.7333,synthetic_simulated_event
SYN-00394,19,beginner,challenge,tablet,unavailable,challenge,0.25,0,3,1,0.2,synthetic_simulated_event
SYN-00395,28,beginner,example,mobile,unavailable,example,0.25,1,3,1,0.4667,synthetic_simulated_event
SYN-00396,48,intermediate,challenge,mobile,unavailable,concise,0.25,2,3,1,0.7333,synthetic_simulated_event
SYN-00397,88,advanced,concise,mobile,unavailable,challenge,0.25,2,3,1,0.7333,synthetic_simulated_event
SYN-00398,59,beginner,challenge,mobile,unavailable,concise,0.25,0,3,0,0.0,synthetic_simulated_event
SYN-00399,69,advanced,example,mobile,unavailable,hint,0.25,1,3,1,0.4667,synthetic_simulated_event
SYN-00400,37,advanced,example,tablet,unavailable,example,0.25,3,3,1,1.0,synthetic_simulated_event
SYN-00401,37,beginner,hint,tablet,unavailable,challenge,0.25,0,3,1,0.2,synthetic_simulated_event
SYN-00402,89,advanced,concise,desktop,unavailable,example,0.25,1,3,1,0.4667,synthetic_simulated_event
SYN-00403,68,advanced,hint,tablet,unavailable,concise,0.25,2,3,1,0.7333,synthetic_simulated_event
SYN-00404,7,beginner,concise,desktop,unavailable,concise,0.25,2,3,1,0.7333,synthetic_simulated_event
SYN-00405,51,intermediate,concise,desktop,unavailable,hint,0.25,3,3,1,1.0,synthetic_simulated_event
SYN-00406,67,advanced,challenge,mobile,unavailable,hint,0.25,2,3,1,0.7333,synthetic_simulated_event
SYN-00407,50,beginner,hint,tablet,unavailable,concise,0.25,3,3,1,1.0,synthetic_simulated_event
SYN-00408,55,intermediate,hint,desktop,unavailable,hint,0.25,2,3,1,0.7333,synthetic_simulated_event
SYN-00409,98,advanced,challenge,mobile,unavailable,example,0.25,2,3,1,0.7333,synthetic_simulated_event
SYN-00410,58,intermediate,concise,mobile,unavailable,example,0.25,2,3,1,0.7333,synthetic_simulated_event
SYN-00411,71,advanced,concise,mobile,unavailable,example,0.25,1,3,1,0.4667,synthetic_simulated_event
SYN-00412,61,intermediate,hint,tablet,unavailable,challenge,0.25,2,3,1,0.7333,synthetic_simulated_event
SYN-00413,43,advanced,challenge,mobile,unavailable,example,0.25,1,3,1,0.4667,synthetic_simulated_event
SYN-00414,100,advanced,example,mobile,unavailable,hint,0.25,3,3,1,1.0,synthetic_simulated_event
SYN-00415,49,beginner,example,mobile,unavailable,hint,0.25,3,3,1,1.0,synthetic_simulated_event
SYN-00416,86,advanced,challenge,tablet,unavailable,example,0.25,1,3,1,0.4667,synthetic_simulated_event
SYN-00417,87,intermediate,concise,tablet,unavailable,hint,0.25,3,3,1,1.0,synthetic_simulated_event
SYN-00418,75,intermediate,challenge,tablet,unavailable,example,0.25,1,3,1,0.4667,synthetic_simulated_event
SYN-00419,21,beginner,concise,mobile,unavailable,example,0.25,1,3,1,0.4667,synthetic_simulated_event
SYN-00420,45,intermediate,hint,mobile,unavailable,example,0.25,2,3,1,0.7333,synthetic_simulated_event
SYN-00421,83,advanced,concise,mobile,unavailable,concise,0.25,3,3,1,1.0,synthetic_simulated_event
SYN-00422,82,advanced,challenge,desktop,unavailable,example,0.25,1,3,1,0.4667,synthetic_simulated_event
SYN-00423,46,intermediate,hint,mobile,unavailable,hint,0.25,3,3,1,1.0,synthetic_simulated_event
SYN-00424,68,intermediate,challenge,tablet,unavailable,challenge,0.25,1,3,1,0.4667,synthetic_simulated_event
SYN-00425,98,advanced,hint,tablet,unavailable,hint,0.25,2,3,1,0.7333,synthetic_simulated_event
SYN-00426,43,beginner,challenge,desktop,unavailable,challenge,0.25,1,3,1,0.4667,synthetic_simulated_event
SYN-00427,32,beginner,example,mobile,unavailable,hint,0.25,2,3,1,0.7333,synthetic_simulated_event
SYN-00428,49,intermediate,challenge,desktop,unavailable,example,0.25,1,3,1,0.4667,synthetic_simulated_event
SYN-00429,22,beginner,hint,tablet,unavailable,example,0.25,0,3,0,0.0,synthetic_simulated_event
SYN-00430,71,intermediate,concise,mobile,unavailable,challenge,0.25,1,3,1,0.4667,synthetic_simulated_event
SYN-00431,69,intermediate,example,tablet,unavailable,concise,0.25,2,3,1,0.7333,synthetic_simulated_event
SYN-00432,100,advanced,concise,mobile,unavailable,hint,0.25,3,3,1,1.0,synthetic_simulated_event
SYN-00433,63,intermediate,hint,mobile,unavailable,challenge,0.25,1,3,1,0.4667,synthetic_simulated_event
SYN-00434,23,intermediate,challenge,desktop,unavailable,example,0.25,1,3,1,0.4667,synthetic_simulated_event
SYN-00435,54,advanced,example,mobile,unavailable,hint,0.25,1,3,1,0.4667,synthetic_simulated_event
SYN-00436,59,advanced,concise,tablet,unavailable,example,0.25,2,3,1,0.7333,synthetic_simulated_event
SYN-00437,15,beginner,concise,mobile,unavailable,hint,0.25,2,3,1,0.7333,synthetic_simulated_event
SYN-00438,67,intermediate,hint,desktop,unavailable,example,0.25,2,3,1,0.7333,synthetic_simulated_event
SYN-00439,68,advanced,example,tablet,unavailable,hint,0.25,0,3,0,0.0,synthetic_simulated_event
SYN-00440,27,intermediate,example,desktop,unavailable,challenge,0.25,0,3,1,0.2,synthetic_simulated_event
SYN-00441,24,beginner,hint,desktop,unavailable,challenge,0.25,1,3,1,0.4667,synthetic_simulated_event
SYN-00442,52,beginner,concise,mobile,unavailable,concise,0.25,0,3,0,0.0,synthetic_simulated_event
SYN-00443,20,beginner,concise,tablet,unavailable,example,0.25,0,3,0,0.0,synthetic_simulated_event
SYN-00444,73,advanced,example,tablet,unavailable,hint,0.25,3,3,1,1.0,synthetic_simulated_event
SYN-00445,100,advanced,example,mobile,unavailable,challenge,0.25,2,3,1,0.7333,synthetic_simulated_event
SYN-00446,15,beginner,challenge,mobile,unavailable,example,0.25,1,3,1,0.4667,synthetic_simulated_event
SYN-00447,44,beginner,challenge,desktop,unavailable,hint,0.25,2,3,1,0.7333,synthetic_simulated_event
SYN-00448,44,beginner,example,desktop,unavailable,hint,0.25,2,3,1,0.7333,synthetic_simulated_event
SYN-00449,65,intermediate,hint,mobile,unavailable,example,0.25,2,3,1,0.7333,synthetic_simulated_event
SYN-00450,99,advanced,example,mobile,unavailable,concise,0.25,1,3,1,0.4667,synthetic_simulated_event
SYN-00451,82,advanced,example,mobile,unavailable,example,0.25,3,3,1,1.0,synthetic_simulated_event
SYN-00452,54,intermediate,challenge,mobile,unavailable,concise,0.25,2,3,1,0.7333,synthetic_simulated_event
SYN-00453,88,advanced,concise,mobile,unavailable,concise,0.25,0,3,0,0.0,synthetic_simulated_event
SYN-00454,45,advanced,example,tablet,unavailable,hint,0.25,2,3,1,0.7333,synthetic_simulated_event
SYN-00455,41,advanced,challenge,mobile,unavailable,challenge,0.25,2,3,1,0.7333,synthetic_simulated_event
SYN-00456,19,beginner,challenge,mobile,unavailable,challenge,0.25,2,3,1,0.7333,synthetic_simulated_event
SYN-00457,72,intermediate,challenge,tablet,unavailable,hint,0.25,3,3,1,1.0,synthetic_simulated_event
SYN-00458,77,advanced,hint,desktop,unavailable,concise,0.25,0,3,0,0.0,synthetic_simulated_event
SYN-00459,66,intermediate,hint,tablet,unavailable,example,0.25,1,3,1,0.4667,synthetic_simulated_event
SYN-00460,47,beginner,example,desktop,unavailable,concise,0.25,0,3,1,0.2,synthetic_simulated_event
SYN-00461,8,beginner,hint,desktop,unavailable,example,0.25,2,3,1,0.7333,synthetic_simulated_event
SYN-00462,53,intermediate,example,tablet,unavailable,hint,0.25,2,3,1,0.7333,synthetic_simulated_event
SYN-00463,100,advanced,example,desktop,unavailable,concise,0.25,3,3,1,1.0,synthetic_simulated_event
SYN-00464,43,beginner,hint,desktop,unavailable,challenge,0.25,1,3,1,0.4667,synthetic_simulated_event
SYN-00465,74,advanced,concise,desktop,unavailable,hint,0.25,2,3,1,0.7333,synthetic_simulated_event
SYN-00466,21,intermediate,hint,tablet,unavailable,challenge,0.25,0,3,1,0.2,synthetic_simulated_event
SYN-00467,65,advanced,challenge,desktop,unavailable,hint,0.25,0,3,1,0.2,synthetic_simulated_event
SYN-00468,19,beginner,concise,tablet,unavailable,concise,0.25,1,3,1,0.4667,synthetic_simulated_event
SYN-00469,64,advanced,challenge,desktop,unavailable,challenge,0.25,2,3,1,0.7333,synthetic_simulated_event
SYN-00470,74,intermediate,challenge,mobile,unavailable,challenge,0.25,2,3,1,0.7333,synthetic_simulated_event
SYN-00471,69,intermediate,hint,mobile,unavailable,example,0.25,0,3,1,0.2,synthetic_simulated_event
SYN-00472,0,beginner,hint,mobile,unavailable,example,0.25,0,3,0,0.0,synthetic_simulated_event
SYN-00473,38,intermediate,hint,desktop,unavailable,concise,0.25,1,3,1,0.4667,synthetic_simulated_event
SYN-00474,1,beginner,challenge,desktop,unavailable,concise,0.25,1,3,1,0.4667,synthetic_simulated_event
SYN-00475,73,advanced,hint,desktop,unavailable,challenge,0.25,0,3,0,0.0,synthetic_simulated_event
SYN-00476,92,advanced,concise,tablet,unavailable,example,0.25,3,3,1,1.0,synthetic_simulated_event
SYN-00477,54,intermediate,challenge,desktop,unavailable,challenge,0.25,1,3,1,0.4667,synthetic_simulated_event
SYN-00478,75,beginner,challenge,desktop,unavailable,challenge,0.25,2,3,1,0.7333,synthetic_simulated_event
SYN-00479,70,intermediate,hint,mobile,unavailable,concise,0.25,1,3,1,0.4667,synthetic_simulated_event
SYN-00480,62,advanced,example,mobile,unavailable,concise,0.25,2,3,1,0.7333,synthetic_simulated_event
SYN-00481,72,intermediate,example,mobile,unavailable,concise,0.25,2,3,1,0.7333,synthetic_simulated_event
SYN-00482,65,advanced,hint,desktop,unavailable,challenge,0.25,0,3,1,0.2,synthetic_simulated_event
SYN-00483,41,intermediate,example,tablet,unavailable,example,0.25,3,3,1,1.0,synthetic_simulated_event
SYN-00484,46,beginner,example,mobile,unavailable,example,0.25,1,3,1,0.4667,synthetic_simulated_event
SYN-00485,73,advanced,concise,tablet,unavailable,hint,0.25,3,3,1,1.0,synthetic_simulated_event
SYN-00486,49,beginner,example,tablet,unavailable,example,0.25,1,3,1,0.4667,synthetic_simulated_event
SYN-00487,31,beginner,challenge,mobile,unavailable,hint,0.25,0,3,0,0.0,synthetic_simulated_event
SYN-00488,64,advanced,example,desktop,unavailable,example,0.25,1,3,1,0.4667,synthetic_simulated_event
SYN-00489,65,advanced,example,desktop,unavailable,challenge,0.25,1,3,1,0.4667,synthetic_simulated_event
SYN-00490,88,advanced,concise,desktop,unavailable,example,0.25,2,3,1,0.7333,synthetic_simulated_event
SYN-00491,82,intermediate,concise,desktop,unavailable,challenge,0.25,0,3,1,0.2,synthetic_simulated_event
SYN-00492,46,beginner,concise,mobile,unavailable,example,0.25,1,3,1,0.4667,synthetic_simulated_event
SYN-00493,53,intermediate,hint,tablet,unavailable,concise,0.25,0,3,1,0.2,synthetic_simulated_event
SYN-00494,65,intermediate,hint,mobile,unavailable,example,0.25,0,3,0,0.0,synthetic_simulated_event
SYN-00495,34,intermediate,concise,mobile,unavailable,concise,0.25,2,3,1,0.7333,synthetic_simulated_event
SYN-00496,42,beginner,example,mobile,unavailable,concise,0.25,3,3,1,1.0,synthetic_simulated_event
SYN-00497,100,advanced,concise,tablet,unavailable,concise,0.25,3,3,1,1.0,synthetic_simulated_event
SYN-00498,28,beginner,concise,mobile,unavailable,concise,0.25,3,3,1,1.0,synthetic_simulated_event
SYN-00499,53,intermediate,challenge,mobile,unavailable,challenge,0.25,1,3,1,0.4667,synthetic_simulated_event
SYN-00500,89,intermediate,hint,mobile,unavailable,hint,0.25,1,3,1,0.4667,synthetic_simulated_event
SYN-00501,39,advanced,example,tablet,unavailable,concise,0.25,2,3,1,0.7333,synthetic_simulated_event
SYN-00502,95,advanced,hint,tablet,unavailable,hint,0.25,2,3,1,0.7333,synthetic_simulated_event
SYN-00503,59,intermediate,concise,desktop,unavailable,concise,0.25,0,3,0,0.0,synthetic_simulated_event
SYN-00504,42,beginner,hint,mobile,unavailable,concise,0.25,2,3,1,0.7333,synthetic_simulated_event
SYN-00505,99,intermediate,concise,mobile,unavailable,hint,0.25,2,3,1,0.7333,synthetic_simulated_event
SYN-00506,70,advanced,example,mobile,unavailable,hint,0.25,2,3,1,0.7333,synthetic_simulated_event
SYN-00507,80,advanced,challenge,desktop,unavailable,concise,0.25,0,3,1,0.2,synthetic_simulated_event
SYN-00508,64,advanced,example,mobile,unavailable,challenge,0.25,2,3,1,0.7333,synthetic_simulated_event
SYN-00509,75,intermediate,hint,mobile,unavailable,concise,0.25,0,3,1,0.2,synthetic_simulated_event
SYN-00510,51,intermediate,hint,mobile,unavailable,hint,0.25,2,3,1,0.7333,synthetic_simulated_event
SYN-00511,61,intermediate,hint,desktop,unavailable,concise,0.25,2,3,1,0.7333,synthetic_simulated_event
SYN-00512,80,advanced,challenge,mobile,unavailable,challenge,0.25,2,3,1,0.7333,synthetic_simulated_event
SYN-00513,61,intermediate,example,desktop,unavailable,example,0.25,0,3,1,0.2,synthetic_simulated_event
SYN-00514,66,intermediate,challenge,tablet,unavailable,hint,0.25,0,3,1,0.2,synthetic_simulated_event
SYN-00515,63,advanced,example,desktop,unavailable,example,0.25,0,3,1,0.2,synthetic_simulated_event
SYN-00516,83,intermediate,concise,tablet,unavailable,hint,0.25,2,3,1,0.7333,synthetic_simulated_event
SYN-00517,64,advanced,example,tablet,unavailable,hint,0.25,1,3,1,0.4667,synthetic_simulated_event
SYN-00518,16,beginner,example,mobile,unavailable,hint,0.25,2,3,1,0.7333,synthetic_simulated_event
SYN-00519,69,intermediate,concise,desktop,unavailable,example,0.25,2,3,1,0.7333,synthetic_simulated_event
SYN-00520,43,beginner,hint,tablet,unavailable,challenge,0.25,2,3,1,0.7333,synthetic_simulated_event
SYN-00521,68,intermediate,concise,desktop,unavailable,challenge,0.25,2,3,1,0.7333,synthetic_simulated_event
SYN-00522,61,advanced,hint,mobile,unavailable,hint,0.25,2,3,1,0.7333,synthetic_simulated_event
SYN-00523,71,advanced,hint,desktop,unavailable,challenge,0.25,2,3,1,0.7333,synthetic_simulated_event
SYN-00524,45,advanced,challenge,tablet,unavailable,hint,0.25,2,3,1,0.7333,synthetic_simulated_event
SYN-00525,35,beginner,challenge,tablet,unavailable,hint,0.25,0,3,0,0.0,synthetic_simulated_event
SYN-00526,48,advanced,example,tablet,unavailable,challenge,0.25,1,3,1,0.4667,synthetic_simulated_event
SYN-00527,30,beginner,challenge,desktop,unavailable,hint,0.25,1,3,1,0.4667,synthetic_simulated_event
SYN-00528,53,beginner,challenge,desktop,unavailable,hint,0.25,2,3,1,0.7333,synthetic_simulated_event
SYN-00529,28,beginner,hint,mobile,unavailable,example,0.25,1,3,1,0.4667,synthetic_simulated_event
SYN-00530,92,advanced,concise,tablet,unavailable,example,0.25,2,3,1,0.7333,synthetic_simulated_event
SYN-00531,69,advanced,hint,tablet,unavailable,concise,0.25,1,3,1,0.4667,synthetic_simulated_event
SYN-00532,75,intermediate,challenge,tablet,unavailable,concise,0.25,0,3,0,0.0,synthetic_simulated_event
SYN-00533,37,beginner,example,desktop,unavailable,hint,0.25,1,3,1,0.4667,synthetic_simulated_event
SYN-00534,32,intermediate,challenge,desktop,unavailable,example,0.25,2,3,1,0.7333,synthetic_simulated_event
SYN-00535,29,intermediate,hint,desktop,unavailable,hint,0.25,0,3,0,0.0,synthetic_simulated_event
SYN-00536,88,advanced,challenge,desktop,unavailable,challenge,0.25,3,3,1,1.0,synthetic_simulated_event
SYN-00537,51,intermediate,hint,mobile,unavailable,hint,0.25,2,3,1,0.7333,synthetic_simulated_event
SYN-00538,68,beginner,challenge,mobile,unavailable,concise,0.25,1,3,1,0.4667,synthetic_simulated_event
SYN-00539,52,beginner,concise,desktop,unavailable,challenge,0.25,2,3,1,0.7333,synthetic_simulated_event
SYN-00540,91,intermediate,example,tablet,unavailable,hint,0.25,0,3,1,0.2,synthetic_simulated_event
SYN-00541,37,beginner,example,desktop,unavailable,concise,0.25,0,3,1,0.2,synthetic_simulated_event
SYN-00542,100,advanced,hint,mobile,unavailable,example,0.25,1,3,1,0.4667,synthetic_simulated_event
SYN-00543,62,intermediate,example,mobile,unavailable,hint,0.25,1,3,1,0.4667,synthetic_simulated_event
SYN-00544,64,advanced,hint,desktop,unavailable,challenge,0.25,2,3,1,0.7333,synthetic_simulated_event
SYN-00545,57,intermediate,example,tablet,unavailable,challenge,0.25,0,3,1,0.2,synthetic_simulated_event
SYN-00546,77,advanced,example,mobile,unavailable,example,0.25,3,3,1,1.0,synthetic_simulated_event
SYN-00547,40,intermediate,example,mobile,unavailable,example,0.25,2,3,1,0.7333,synthetic_simulated_event
SYN-00548,17,beginner,challenge,tablet,unavailable,hint,0.25,1,3,1,0.4667,synthetic_simulated_event
SYN-00549,6,beginner,concise,desktop,unavailable,example,0.25,1,3,1,0.4667,synthetic_simulated_event
SYN-00550,98,advanced,concise,desktop,unavailable,hint,0.25,1,3,1,0.4667,synthetic_simulated_event
SYN-00551,100,advanced,example,mobile,unavailable,challenge,0.25,2,3,1,0.7333,synthetic_simulated_event
SYN-00552,86,advanced,concise,mobile,unavailable,concise,0.25,1,3,1,0.4667,synthetic_simulated_event
SYN-00553,100,advanced,concise,tablet,unavailable,example,0.25,2,3,1,0.7333,synthetic_simulated_event
SYN-00554,77,advanced,example,desktop,unavailable,hint,0.25,1,3,1,0.4667,synthetic_simulated_event
SYN-00555,46,intermediate,hint,mobile,unavailable,challenge,0.25,2,3,1,0.7333,synthetic_simulated_event
SYN-00556,80,advanced,hint,desktop,unavailable,challenge,0.25,0,3,0,0.0,synthetic_simulated_event
SYN-00557,90,intermediate,example,desktop,unavailable,example,0.25,2,3,1,0.7333,synthetic_simulated_event
SYN-00558,55,advanced,challenge,mobile,unavailable,challenge,0.25,2,3,1,0.7333,synthetic_simulated_event
SYN-00559,67,advanced,example,desktop,unavailable,hint,0.25,2,3,1,0.7333,synthetic_simulated_event
SYN-00560,18,intermediate,hint,desktop,unavailable,hint,0.25,1,3,1,0.4667,synthetic_simulated_event
SYN-00561,16,beginner,hint,mobile,unavailable,concise,0.25,0,3,0,0.0,synthetic_simulated_event
SYN-00562,81,advanced,challenge,tablet,unavailable,hint,0.25,2,3,1,0.7333,synthetic_simulated_event
SYN-00563,37,beginner,challenge,tablet,unavailable,example,0.25,2,3,1,0.7333,synthetic_simulated_event
SYN-00564,90,advanced,hint,mobile,unavailable,concise,0.25,1,3,1,0.4667,synthetic_simulated_event
SYN-00565,73,advanced,challenge,tablet,unavailable,example,0.25,1,3,1,0.4667,synthetic_simulated_event
SYN-00566,100,advanced,example,desktop,unavailable,challenge,0.25,3,3,1,1.0,synthetic_simulated_event
SYN-00567,31,beginner,concise,mobile,unavailable,challenge,0.25,1,3,1,0.4667,synthetic_simulated_event
SYN-00568,77,advanced,hint,mobile,unavailable,concise,0.25,3,3,1,1.0,synthetic_simulated_event
SYN-00569,81,advanced,example,mobile,unavailable,concise,0.25,2,3,1,0.7333,synthetic_simulated_event
SYN-00570,22,beginner,concise,desktop,unavailable,challenge,0.25,0,3,1,0.2,synthetic_simulated_event
SYN-00571,91,advanced,challenge,tablet,unavailable,hint,0.25,1,3,1,0.4667,synthetic_simulated_event
SYN-00572,43,beginner,challenge,mobile,unavailable,example,0.25,0,3,0,0.0,synthetic_simulated_event
SYN-00573,29,intermediate,example,desktop,unavailable,concise,0.25,0,3,1,0.2,synthetic_simulated_event
SYN-00574,20,beginner,hint,desktop,unavailable,example,0.25,0,3,0,0.0,synthetic_simulated_event
SYN-00575,79,advanced,hint,tablet,unavailable,example,0.25,2,3,1,0.7333,synthetic_simulated_event
SYN-00576,26,intermediate,example,desktop,unavailable,example,0.25,1,3,1,0.4667,synthetic_simulated_event
SYN-00577,64,intermediate,hint,desktop,unavailable,challenge,0.25,0,3,0,0.0,synthetic_simulated_event
SYN-00578,73,advanced,example,tablet,unavailable,hint,0.25,3,3,1,1.0,synthetic_simulated_event
SYN-00579,29,beginner,hint,mobile,unavailable,challenge,0.25,1,3,1,0.4667,synthetic_simulated_event
SYN-00580,54,intermediate,challenge,tablet,unavailable,challenge,0.25,0,3,0,0.0,synthetic_simulated_event
SYN-00581,41,intermediate,example,desktop,unavailable,challenge,0.25,3,3,1,1.0,synthetic_simulated_event
SYN-00582,34,intermediate,hint,mobile,unavailable,hint,0.25,0,3,1,0.2,synthetic_simulated_event
SYN-00583,11,beginner,concise,mobile,unavailable,challenge,0.25,0,3,1,0.2,synthetic_simulated_event
SYN-00584,50,intermediate,challenge,desktop,unavailable,hint,0.25,1,3,1,0.4667,synthetic_simulated_event
SYN-00585,15,beginner,example,desktop,unavailable,hint,0.25,3,3,1,1.0,synthetic_simulated_event
SYN-00586,66,advanced,concise,desktop,unavailable,example,0.25,2,3,1,0.7333,synthetic_simulated_event
SYN-00587,81,intermediate,concise,tablet,unavailable,concise,0.25,3,3,1,1.0,synthetic_simulated_event
SYN-00588,75,advanced,hint,tablet,unavailable,concise,0.25,1,3,1,0.4667,synthetic_simulated_event
SYN-00589,77,advanced,hint,desktop,unavailable,hint,0.25,0,3,0,0.0,synthetic_simulated_event
SYN-00590,80,advanced,example,desktop,unavailable,hint,0.25,2,3,1,0.7333,synthetic_simulated_event
SYN-00591,33,intermediate,example,desktop,unavailable,challenge,0.25,0,3,1,0.2,synthetic_simulated_event
SYN-00592,47,beginner,example,mobile,unavailable,challenge,0.25,1,3,1,0.4667,synthetic_simulated_event
SYN-00593,53,intermediate,example,desktop,unavailable,concise,0.25,1,3,1,0.4667,synthetic_simulated_event
SYN-00594,68,advanced,concise,desktop,unavailable,concise,0.25,2,3,1,0.7333,synthetic_simulated_event
SYN-00595,16,beginner,hint,desktop,unavailable,challenge,0.25,0,3,1,0.2,synthetic_simulated_event
SYN-00596,65,intermediate,example,mobile,unavailable,concise,0.25,1,3,1,0.4667,synthetic_simulated_event
SYN-00597,51,intermediate,example,mobile,unavailable,challenge,0.25,2,3,1,0.7333,synthetic_simulated_event
SYN-00598,14,beginner,example,mobile,unavailable,challenge,0.25,0,3,1,0.2,synthetic_simulated_event
SYN-00599,48,beginner,example,mobile,unavailable,example,0.25,1,3,1,0.4667,synthetic_simulated_event
SYN-00600,15,beginner,example,tablet,unavailable,example,0.25,0,3,1,0.2,synthetic_simulated_event
SYN-00601,34,beginner,hint,tablet,unavailable,example,0.25,0,3,0,0.0,synthetic_simulated_event
SYN-00602,92,intermediate,challenge,desktop,unavailable,example,0.25,2,3,1,0.7333,synthetic_simulated_event
SYN-00603,66,intermediate,concise,tablet,unavailable,example,0.25,1,3,1,0.4667,synthetic_simulated_event
SYN-00604,72,advanced,example,desktop,unavailable,concise,0.25,3,3,1,1.0,synthetic_simulated_event
SYN-00605,25,intermediate,hint,mobile,unavailable,concise,0.25,0,3,0,0.0,synthetic_simulated_event
SYN-00606,77,advanced,concise,desktop,unavailable,concise,0.25,2,3,1,0.7333,synthetic_simulated_event
SYN-00607,19,beginner,hint,mobile,unavailable,hint,0.25,0,3,1,0.2,synthetic_simulated_event
SYN-00608,74,advanced,challenge,mobile,unavailable,example,0.25,1,3,1,0.4667,synthetic_simulated_event
SYN-00609,91,advanced,challenge,mobile,unavailable,example,0.25,2,3,1,0.7333,synthetic_simulated_event
SYN-00610,51,beginner,hint,mobile,unavailable,concise,0.25,3,3,1,1.0,synthetic_simulated_event
SYN-00611,49,intermediate,challenge,desktop,unavailable,example,0.25,3,3,1,1.0,synthetic_simulated_event
SYN-00612,22,intermediate,hint,desktop,unavailable,example,0.25,3,3,1,1.0,synthetic_simulated_event
SYN-00613,54,beginner,concise,desktop,unavailable,concise,0.25,1,3,1,0.4667,synthetic_simulated_event
SYN-00614,89,advanced,example,desktop,unavailable,concise,0.25,2,3,1,0.7333,synthetic_simulated_event
SYN-00615,37,intermediate,example,mobile,unavailable,challenge,0.25,1,3,1,0.4667,synthetic_simulated_event
SYN-00616,36,intermediate,hint,mobile,unavailable,hint,0.25,2,3,1,0.7333,synthetic_simulated_event
SYN-00617,56,intermediate,example,tablet,unavailable,example,0.25,2,3,1,0.7333,synthetic_simulated_event
SYN-00618,31,beginner,challenge,tablet,unavailable,example,0.25,2,3,1,0.7333,synthetic_simulated_event
SYN-00619,72,advanced,challenge,desktop,unavailable,example,0.25,0,3,0,0.0,synthetic_simulated_event
SYN-00620,43,intermediate,challenge,desktop,unavailable,hint,0.25,2,3,1,0.7333,synthetic_simulated_event
SYN-00621,87,advanced,concise,desktop,unavailable,challenge,0.25,0,3,1,0.2,synthetic_simulated_event
SYN-00622,15,beginner,example,desktop,unavailable,concise,0.25,0,3,1,0.2,synthetic_simulated_event
SYN-00623,82,advanced,concise,tablet,unavailable,concise,0.25,0,3,0,0.0,synthetic_simulated_event
SYN-00624,81,advanced,hint,tablet,unavailable,challenge,0.25,2,3,1,0.7333,synthetic_simulated_event
SYN-00625,63,advanced,concise,mobile,unavailable,concise,0.25,1,3,1,0.4667,synthetic_simulated_event
SYN-00626,55,intermediate,hint,mobile,unavailable,example,0.25,3,3,1,1.0,synthetic_simulated_event
SYN-00627,49,beginner,concise,mobile,unavailable,hint,0.25,3,3,1,1.0,synthetic_simulated_event
SYN-00628,70,advanced,example,tablet,unavailable,hint,0.25,0,3,0,0.0,synthetic_simulated_event
SYN-00629,100,advanced,example,mobile,unavailable,hint,0.25,3,3,1,1.0,synthetic_simulated_event
SYN-00630,100,advanced,concise,desktop,unavailable,concise,0.25,1,3,1,0.4667,synthetic_simulated_event
SYN-00631,77,intermediate,example,desktop,unavailable,hint,0.25,2,3,1,0.7333,synthetic_simulated_event
SYN-00632,92,advanced,hint,mobile,unavailable,hint,0.25,3,3,1,1.0,synthetic_simulated_event
SYN-00633,63,intermediate,challenge,mobile,unavailable,hint,0.25,2,3,1,0.7333,synthetic_simulated_event
SYN-00634,64,intermediate,challenge,tablet,unavailable,hint,0.25,1,3,1,0.4667,synthetic_simulated_event
SYN-00635,76,advanced,challenge,desktop,unavailable,hint,0.25,1,3,1,0.4667,synthetic_simulated_event
SYN-00636,63,intermediate,concise,desktop,unavailable,hint,0.25,2,3,1,0.7333,synthetic_simulated_event
SYN-00637,43,beginner,example,mobile,unavailable,challenge,0.25,1,3,1,0.4667,synthetic_simulated_event
SYN-00638,21,intermediate,hint,desktop,unavailable,hint,0.25,2,3,1,0.7333,synthetic_simulated_event
SYN-00639,59,advanced,hint,tablet,unavailable,concise,0.25,1,3,1,0.4667,synthetic_simulated_event
SYN-00640,36,beginner,challenge,tablet,unavailable,hint,0.25,0,3,1,0.2,synthetic_simulated_event
SYN-00641,69,intermediate,challenge,desktop,unavailable,example,0.25,1,3,1,0.4667,synthetic_simulated_event
SYN-00642,35,beginner,hint,mobile,unavailable,concise,0.25,0,3,0,0.0,synthetic_simulated_event
SYN-00643,65,advanced,example,desktop,unavailable,challenge,0.25,0,3,1,0.2,synthetic_simulated_event
SYN-00644,74,beginner,challenge,tablet,unavailable,example,0.25,0,3,0,0.0,synthetic_simulated_event
SYN-00645,26,beginner,concise,tablet,unavailable,hint,0.25,0,3,0,0.0,synthetic_simulated_event
SYN-00646,100,advanced,challenge,tablet,unavailable,hint,0.25,2,3,1,0.7333,synthetic_simulated_event
SYN-00647,26,beginner,challenge,desktop,unavailable,hint,0.25,1,3,1,0.4667,synthetic_simulated_event
SYN-00648,37,beginner,challenge,tablet,unavailable,concise,0.25,3,3,1,1.0,synthetic_simulated_event
SYN-00649,89,advanced,hint,tablet,unavailable,hint,0.25,3,3,1,1.0,synthetic_simulated_event
SYN-00650,41,intermediate,hint,mobile,unavailable,challenge,0.25,0,3,0,0.0,synthetic_simulated_event
SYN-00651,54,intermediate,challenge,desktop,unavailable,challenge,0.25,1,3,1,0.4667,synthetic_simulated_event
SYN-00652,15,beginner,challenge,tablet,unavailable,example,0.25,0,3,1,0.2,synthetic_simulated_event
SYN-00653,54,beginner,concise,tablet,unavailable,example,0.25,0,3,0,0.0,synthetic_simulated_event
SYN-00654,66,intermediate,concise,tablet,unavailable,example,0.25,3,3,1,1.0,synthetic_simulated_event
SYN-00655,81,advanced,challenge,mobile,unavailable,example,0.25,1,3,1,0.4667,synthetic_simulated_event
SYN-00656,74,advanced,concise,mobile,unavailable,example,0.25,2,3,1,0.7333,synthetic_simulated_event
SYN-00657,84,advanced,concise,desktop,unavailable,challenge,0.25,0,3,0,0.0,synthetic_simulated_event
SYN-00658,52,intermediate,example,desktop,unavailable,hint,0.25,1,3,1,0.4667,synthetic_simulated_event
SYN-00659,89,intermediate,example,mobile,unavailable,challenge,0.25,3,3,1,1.0,synthetic_simulated_event
SYN-00660,77,intermediate,challenge,tablet,unavailable,example,0.25,2,3,1,0.7333,synthetic_simulated_event
SYN-00661,80,intermediate,concise,mobile,unavailable,example,0.25,2,3,1,0.7333,synthetic_simulated_event
SYN-00662,39,beginner,example,mobile,unavailable,challenge,0.25,0,3,1,0.2,synthetic_simulated_event
SYN-00663,54,beginner,concise,mobile,unavailable,challenge,0.25,2,3,1,0.7333,synthetic_simulated_event
SYN-00664,55,intermediate,challenge,desktop,unavailable,hint,0.25,3,3,1,1.0,synthetic_simulated_event
SYN-00665,90,intermediate,hint,mobile,unavailable,concise,0.25,2,3,1,0.7333,synthetic_simulated_event
SYN-00666,90,advanced,challenge,desktop,unavailable,challenge,0.25,0,3,0,0.0,synthetic_simulated_event
SYN-00667,97,advanced,challenge,mobile,unavailable,challenge,0.25,3,3,1,1.0,synthetic_simulated_event
SYN-00668,41,beginner,concise,tablet,unavailable,hint,0.25,0,3,0,0.0,synthetic_simulated_event
SYN-00669,71,advanced,hint,tablet,unavailable,hint,0.25,0,3,1,0.2,synthetic_simulated_event
SYN-00670,25,beginner,example,desktop,unavailable,concise,0.25,1,3,1,0.4667,synthetic_simulated_event
SYN-00671,28,beginner,hint,mobile,unavailable,example,0.25,0,3,0,0.0,synthetic_simulated_event
SYN-00672,60,advanced,challenge,mobile,unavailable,challenge,0.25,3,3,1,1.0,synthetic_simulated_event
SYN-00673,4,beginner,hint,desktop,unavailable,example,0.25,0,3,0,0.0,synthetic_simulated_event
SYN-00674,23,beginner,example,tablet,unavailable,example,0.25,1,3,1,0.4667,synthetic_simulated_event
SYN-00675,13,beginner,challenge,desktop,unavailable,challenge,0.25,0,3,0,0.0,synthetic_simulated_event
SYN-00676,30,beginner,concise,mobile,unavailable,hint,0.25,1,3,1,0.4667,synthetic_simulated_event
SYN-00677,44,beginner,example,desktop,unavailable,challenge,0.25,2,3,1,0.7333,synthetic_simulated_event
SYN-00678,67,advanced,hint,desktop,unavailable,challenge,0.25,0,3,1,0.2,synthetic_simulated_event
SYN-00679,31,intermediate,challenge,mobile,unavailable,challenge,0.25,2,3,1,0.7333,synthetic_simulated_event
SYN-00680,100,advanced,challenge,mobile,unavailable,concise,0.25,0,3,0,0.0,synthetic_simulated_event
SYN-00681,9,beginner,concise,tablet,unavailable,example,0.25,0,3,1,0.2,synthetic_simulated_event
SYN-00682,43,beginner,concise,desktop,unavailable,example,0.25,1,3,1,0.4667,synthetic_simulated_event
SYN-00683,56,beginner,example,desktop,unavailable,challenge,0.25,1,3,1,0.4667,synthetic_simulated_event
SYN-00684,62,intermediate,example,mobile,unavailable,example,0.25,3,3,1,1.0,synthetic_simulated_event
SYN-00685,80,advanced,example,desktop,unavailable,example,0.25,0,3,0,0.0,synthetic_simulated_event
SYN-00686,32,beginner,hint,desktop,unavailable,challenge,0.25,0,3,1,0.2,synthetic_simulated_event
SYN-00687,0,beginner,challenge,desktop,unavailable,hint,0.25,2,3,1,0.7333,synthetic_simulated_event
SYN-00688,81,advanced,challenge,mobile,unavailable,hint,0.25,3,3,1,1.0,synthetic_simulated_event
SYN-00689,65,intermediate,challenge,desktop,unavailable,challenge,0.25,0,3,0,0.0,synthetic_simulated_event
SYN-00690,26,beginner,example,mobile,unavailable,challenge,0.25,1,3,1,0.4667,synthetic_simulated_event
SYN-00691,80,advanced,challenge,desktop,unavailable,challenge,0.25,2,3,1,0.7333,synthetic_simulated_event
SYN-00692,100,advanced,concise,tablet,unavailable,challenge,0.25,2,3,1,0.7333,synthetic_simulated_event
SYN-00693,30,beginner,hint,desktop,unavailable,challenge,0.25,0,3,1,0.2,synthetic_simulated_event
SYN-00694,58,beginner,challenge,mobile,unavailable,hint,0.25,0,3,1,0.2,synthetic_simulated_event
SYN-00695,14,beginner,example,desktop,unavailable,hint,0.25,1,3,1,0.4667,synthetic_simulated_event
SYN-00696,33,advanced,hint,tablet,unavailable,concise,0.25,1,3,1,0.4667,synthetic_simulated_event
SYN-00697,35,intermediate,challenge,tablet,unavailable,concise,0.25,2,3,1,0.7333,synthetic_simulated_event
SYN-00698,38,beginner,example,desktop,unavailable,challenge,0.25,1,3,1,0.4667,synthetic_simulated_event
SYN-00699,100,advanced,hint,desktop,unavailable,example,0.25,2,3,1,0.7333,synthetic_simulated_event
SYN-00700,9,beginner,challenge,mobile,unavailable,concise,0.25,0,3,1,0.2,synthetic_simulated_event
SYN-00701,87,advanced,hint,tablet,unavailable,example,0.25,2,3,1,0.7333,synthetic_simulated_event
SYN-00702,48,advanced,challenge,mobile,unavailable,example,0.25,2,3,1,0.7333,synthetic_simulated_event
SYN-00703,53,intermediate,concise,mobile,unavailable,challenge,0.25,0,3,1,0.2,synthetic_simulated_event
SYN-00704,64,advanced,hint,desktop,unavailable,example,0.25,2,3,1,0.7333,synthetic_simulated_event
SYN-00705,37,intermediate,hint,tablet,unavailable,concise,0.25,2,3,1,0.7333,synthetic_simulated_event
SYN-00706,61,advanced,challenge,tablet,unavailable,concise,0.25,0,3,0,0.0,synthetic_simulated_event
SYN-00707,69,advanced,hint,desktop,unavailable,concise,0.25,2,3,1,0.7333,synthetic_simulated_event
SYN-00708,100,advanced,concise,tablet,unavailable,concise,0.25,3,3,1,1.0,synthetic_simulated_event
SYN-00709,37,beginner,example,desktop,unavailable,challenge,0.25,1,3,1,0.4667,synthetic_simulated_event
SYN-00710,2,beginner,hint,tablet,unavailable,concise,0.25,0,3,1,0.2,synthetic_simulated_event
SYN-00711,60,advanced,hint,tablet,unavailable,example,0.25,3,3,1,1.0,synthetic_simulated_event
SYN-00712,17,beginner,hint,tablet,unavailable,hint,0.25,1,3,1,0.4667,synthetic_simulated_event
SYN-00713,70,intermediate,concise,desktop,unavailable,example,0.25,2,3,1,0.7333,synthetic_simulated_event
SYN-00714,85,intermediate,challenge,mobile,unavailable,hint,0.25,0,3,1,0.2,synthetic_simulated_event
SYN-00715,51,intermediate,concise,desktop,unavailable,hint,0.25,1,3,1,0.4667,synthetic_simulated_event
SYN-00716,76,advanced,example,tablet,unavailable,concise,0.25,2,3,1,0.7333,synthetic_simulated_event
SYN-00717,94,advanced,concise,desktop,unavailable,concise,0.25,2,3,1,0.7333,synthetic_simulated_event
SYN-00718,59,intermediate,hint,desktop,unavailable,hint,0.25,1,3,1,0.4667,synthetic_simulated_event
SYN-00719,16,beginner,challenge,desktop,unavailable,example,0.25,1,3,1,0.4667,synthetic_simulated_event
SYN-00720,89,advanced,example,mobile,unavailable,concise,0.25,3,3,1,1.0,synthetic_simulated_event
SYN-00721,78,intermediate,example,mobile,unavailable,example,0.25,2,3,1,0.7333,synthetic_simulated_event
SYN-00722,0,beginner,concise,desktop,unavailable,concise,0.25,0,3,1,0.2,synthetic_simulated_event
SYN-00723,57,intermediate,challenge,tablet,unavailable,challenge,0.25,1,3,1,0.4667,synthetic_simulated_event
SYN-00724,92,advanced,challenge,tablet,unavailable,hint,0.25,2,3,1,0.7333,synthetic_simulated_event
SYN-00725,1,beginner,example,desktop,unavailable,hint,0.25,0,3,0,0.0,synthetic_simulated_event
SYN-00726,61,advanced,challenge,mobile,unavailable,challenge,0.25,1,3,1,0.4667,synthetic_simulated_event
SYN-00727,61,advanced,challenge,mobile,unavailable,example,0.25,1,3,1,0.4667,synthetic_simulated_event
SYN-00728,50,advanced,example,desktop,unavailable,example,0.25,2,3,1,0.7333,synthetic_simulated_event
SYN-00729,61,intermediate,concise,tablet,unavailable,hint,0.25,1,3,1,0.4667,synthetic_simulated_event
SYN-00730,78,intermediate,hint,desktop,unavailable,hint,0.25,2,3,1,0.7333,synthetic_simulated_event
SYN-00731,48,advanced,hint,tablet,unavailable,challenge,0.25,0,3,0,0.0,synthetic_simulated_event
SYN-00732,75,advanced,example,desktop,unavailable,hint,0.25,3,3,1,1.0,synthetic_simulated_event
SYN-00733,71,intermediate,concise,tablet,unavailable,hint,0.25,2,3,1,0.7333,synthetic_simulated_event
SYN-00734,88,advanced,hint,tablet,unavailable,challenge,0.25,3,3,1,1.0,synthetic_simulated_event
SYN-00735,9,beginner,example,desktop,unavailable,challenge,0.25,0,3,1,0.2,synthetic_simulated_event
SYN-00736,64,intermediate,hint,tablet,unavailable,hint,0.25,0,3,0,0.0,synthetic_simulated_event
SYN-00737,30,beginner,hint,mobile,unavailable,example,0.25,2,3,1,0.7333,synthetic_simulated_event
SYN-00738,59,advanced,example,mobile,unavailable,hint,0.25,2,3,1,0.7333,synthetic_simulated_event
SYN-00739,59,advanced,concise,tablet,unavailable,concise,0.25,3,3,1,1.0,synthetic_simulated_event
SYN-00740,51,intermediate,concise,tablet,unavailable,hint,0.25,0,3,0,0.0,synthetic_simulated_event
SYN-00741,70,advanced,challenge,tablet,unavailable,hint,0.25,0,3,0,0.0,synthetic_simulated_event
SYN-00742,63,advanced,challenge,mobile,unavailable,example,0.25,1,3,1,0.4667,synthetic_simulated_event
SYN-00743,53,intermediate,hint,tablet,unavailable,challenge,0.25,2,3,1,0.7333,synthetic_simulated_event
SYN-00744,76,advanced,hint,mobile,unavailable,concise,0.25,0,3,0,0.0,synthetic_simulated_event
SYN-00745,100,advanced,example,tablet,unavailable,challenge,0.25,1,3,1,0.4667,synthetic_simulated_event
SYN-00746,56,intermediate,concise,desktop,unavailable,challenge,0.25,0,3,1,0.2,synthetic_simulated_event
SYN-00747,30,intermediate,hint,desktop,unavailable,challenge,0.25,1,3,1,0.4667,synthetic_simulated_event
SYN-00748,63,intermediate,hint,tablet,unavailable,concise,0.25,0,3,1,0.2,synthetic_simulated_event
SYN-00749,48,intermediate,concise,desktop,unavailable,hint,0.25,1,3,1,0.4667,synthetic_simulated_event
SYN-00750,39,intermediate,example,mobile,unavailable,concise,0.25,3,3,1,1.0,synthetic_simulated_event
SYN-00751,23,beginner,challenge,desktop,unavailable,hint,0.25,0,3,0,0.0,synthetic_simulated_event
SYN-00752,53,advanced,concise,desktop,unavailable,example,0.25,1,3,1,0.4667,synthetic_simulated_event
SYN-00753,47,intermediate,concise,tablet,unavailable,challenge,0.25,1,3,1,0.4667,synthetic_simulated_event
SYN-00754,32,beginner,example,mobile,unavailable,hint,0.25,2,3,1,0.7333,synthetic_simulated_event
SYN-00755,65,advanced,hint,mobile,unavailable,hint,0.25,1,3,1,0.4667,synthetic_simulated_event
SYN-00756,64,beginner,example,mobile,unavailable,concise,0.25,1,3,1,0.4667,synthetic_simulated_event
SYN-00757,56,beginner,concise,tablet,unavailable,concise,0.25,2,3,1,0.7333,synthetic_simulated_event
SYN-00758,32,intermediate,hint,desktop,unavailable,hint,0.25,2,3,1,0.7333,synthetic_simulated_event
SYN-00759,78,advanced,hint,mobile,unavailable,hint,0.25,3,3,1,1.0,synthetic_simulated_event
SYN-00760,70,intermediate,example,desktop,unavailable,example,0.25,0,3,0,0.0,synthetic_simulated_event
SYN-00761,58,intermediate,concise,mobile,unavailable,concise,0.25,2,3,1,0.7333,synthetic_simulated_event
SYN-00762,51,intermediate,challenge,desktop,unavailable,concise,0.25,2,3,1,0.7333,synthetic_simulated_event
SYN-00763,38,intermediate,concise,mobile,unavailable,hint,0.25,1,3,1,0.4667,synthetic_simulated_event
SYN-00764,70,advanced,challenge,tablet,unavailable,hint,0.25,1,3,1,0.4667,synthetic_simulated_event
SYN-00765,86,advanced,hint,desktop,unavailable,challenge,0.25,3,3,1,1.0,synthetic_simulated_event
SYN-00766,87,advanced,concise,mobile,unavailable,concise,0.25,2,3,1,0.7333,synthetic_simulated_event
SYN-00767,27,beginner,example,mobile,unavailable,challenge,0.25,0,3,0,0.0,synthetic_simulated_event
SYN-00768,51,intermediate,concise,desktop,unavailable,hint,0.25,1,3,1,0.4667,synthetic_simulated_event
SYN-00769,23,beginner,challenge,tablet,unavailable,concise,0.25,1,3,1,0.4667,synthetic_simulated_event
SYN-00770,48,beginner,example,mobile,unavailable,hint,0.25,1,3,1,0.4667,synthetic_simulated_event
SYN-00771,37,intermediate,challenge,mobile,unavailable,hint,0.25,2,3,1,0.7333,synthetic_simulated_event
SYN-00772,44,beginner,example,mobile,unavailable,hint,0.25,0,3,0,0.0,synthetic_simulated_event
SYN-00773,78,advanced,hint,mobile,unavailable,challenge,0.25,0,3,0,0.0,synthetic_simulated_event
SYN-00774,47,intermediate,hint,mobile,unavailable,example,0.25,1,3,1,0.4667,synthetic_simulated_event
SYN-00775,53,intermediate,example,tablet,unavailable,challenge,0.25,3,3,1,1.0,synthetic_simulated_event
SYN-00776,33,intermediate,example,tablet,unavailable,example,0.25,1,3,1,0.4667,synthetic_simulated_event
SYN-00777,28,advanced,challenge,desktop,unavailable,concise,0.25,0,3,0,0.0,synthetic_simulated_event
SYN-00778,99,advanced,hint,desktop,unavailable,hint,0.25,3,3,1,1.0,synthetic_simulated_event
SYN-00779,62,intermediate,challenge,desktop,unavailable,example,0.25,0,3,0,0.0,synthetic_simulated_event
SYN-00780,92,advanced,hint,desktop,unavailable,concise,0.25,1,3,1,0.4667,synthetic_simulated_event
SYN-00781,59,advanced,concise,tablet,unavailable,example,0.25,1,3,1,0.4667,synthetic_simulated_event
SYN-00782,56,beginner,hint,mobile,unavailable,hint,0.25,2,3,1,0.7333,synthetic_simulated_event
SYN-00783,59,intermediate,challenge,desktop,unavailable,example,0.25,0,3,0,0.0,synthetic_simulated_event
SYN-00784,39,intermediate,hint,mobile,unavailable,concise,0.25,0,3,0,0.0,synthetic_simulated_event
SYN-00785,57,advanced,hint,tablet,unavailable,hint,0.25,1,3,1,0.4667,synthetic_simulated_event
SYN-00786,56,beginner,concise,desktop,unavailable,challenge,0.25,2,3,1,0.7333,synthetic_simulated_event
SYN-00787,94,advanced,challenge,mobile,unavailable,concise,0.25,3,3,1,1.0,synthetic_simulated_event
SYN-00788,31,intermediate,hint,mobile,unavailable,example,0.25,0,3,1,0.2,synthetic_simulated_event
SYN-00789,45,intermediate,hint,mobile,unavailable,challenge,0.25,1,3,1,0.4667,synthetic_simulated_event
SYN-00790,47,intermediate,challenge,desktop,unavailable,challenge,0.25,1,3,1,0.4667,synthetic_simulated_event
SYN-00791,27,beginner,challenge,tablet,unavailable,concise,0.25,2,3,1,0.7333,synthetic_simulated_event
SYN-00792,61,beginner,example,tablet,unavailable,example,0.25,0,3,0,0.0,synthetic_simulated_event
SYN-00793,69,advanced,example,desktop,unavailable,challenge,0.25,2,3,1,0.7333,synthetic_simulated_event
SYN-00794,51,beginner,concise,mobile,unavailable,example,0.25,3,3,1,1.0,synthetic_simulated_event
SYN-00795,18,beginner,challenge,tablet,unavailable,challenge,0.25,0,3,1,0.2,synthetic_simulated_event
SYN-00796,18,intermediate,example,tablet,unavailable,challenge,0.25,0,3,0,0.0,synthetic_simulated_event
SYN-00797,100,advanced,example,tablet,unavailable,challenge,0.25,1,3,1,0.4667,synthetic_simulated_event
SYN-00798,75,advanced,hint,tablet,unavailable,concise,0.25,3,3,1,1.0,synthetic_simulated_event
SYN-00799,47,intermediate,hint,mobile,unavailable,example,0.25,0,3,1,0.2,synthetic_simulated_event
SYN-00800,53,intermediate,example,mobile,unavailable,challenge,0.25,1,3,1,0.4667,synthetic_simulated_event
SYN-00801,7,beginner,concise,desktop,unavailable,hint,0.25,1,3,1,0.4667,synthetic_simulated_event
SYN-00802,100,advanced,concise,mobile,unavailable,example,0.25,2,3,1,0.7333,synthetic_simulated_event
SYN-00803,75,beginner,challenge,mobile,unavailable,concise,0.25,2,3,1,0.7333,synthetic_simulated_event
SYN-00804,61,advanced,concise,mobile,unavailable,example,0.25,2,3,1,0.7333,synthetic_simulated_event
SYN-00805,19,beginner,hint,tablet,unavailable,example,0.25,2,3,1,0.7333,synthetic_simulated_event
SYN-00806,43,beginner,challenge,tablet,unavailable,example,0.25,1,3,1,0.4667,synthetic_simulated_event
SYN-00807,18,intermediate,challenge,desktop,unavailable,hint,0.25,1,3,1,0.4667,synthetic_simulated_event
SYN-00808,17,beginner,concise,desktop,unavailable,challenge,0.25,0,3,0,0.0,synthetic_simulated_event
SYN-00809,73,intermediate,example,mobile,unavailable,hint,0.25,2,3,1,0.7333,synthetic_simulated_event
SYN-00810,53,intermediate,example,mobile,unavailable,hint,0.25,0,3,0,0.0,synthetic_simulated_event
SYN-00811,62,intermediate,hint,desktop,unavailable,example,0.25,2,3,1,0.7333,synthetic_simulated_event
SYN-00812,21,beginner,challenge,mobile,unavailable,challenge,0.25,0,3,0,0.0,synthetic_simulated_event
SYN-00813,100,advanced,challenge,tablet,unavailable,challenge,0.25,2,3,1,0.7333,synthetic_simulated_event
SYN-00814,25,beginner,challenge,mobile,unavailable,challenge,0.25,1,3,1,0.4667,synthetic_simulated_event
SYN-00815,48,beginner,example,desktop,unavailable,hint,0.25,2,3,1,0.7333,synthetic_simulated_event
SYN-00816,61,intermediate,challenge,mobile,unavailable,challenge,0.25,2,3,1,0.7333,synthetic_simulated_event
SYN-00817,82,advanced,hint,tablet,unavailable,concise,0.25,0,3,0,0.0,synthetic_simulated_event
SYN-00818,87,advanced,concise,tablet,unavailable,example,0.25,1,3,1,0.4667,synthetic_simulated_event
SYN-00819,53,intermediate,challenge,tablet,unavailable,concise,0.25,1,3,1,0.4667,synthetic_simulated_event
SYN-00820,31,beginner,hint,tablet,unavailable,hint,0.25,1,3,1,0.4667,synthetic_simulated_event
SYN-00821,53,beginner,challenge,mobile,unavailable,challenge,0.25,3,3,1,1.0,synthetic_simulated_event
SYN-00822,70,advanced,hint,tablet,unavailable,concise,0.25,0,3,1,0.2,synthetic_simulated_event
SYN-00823,91,advanced,example,mobile,unavailable,challenge,0.25,2,3,1,0.7333,synthetic_simulated_event
SYN-00824,24,beginner,example,tablet,unavailable,concise,0.25,1,3,1,0.4667,synthetic_simulated_event
SYN-00825,69,advanced,example,mobile,unavailable,hint,0.25,2,3,1,0.7333,synthetic_simulated_event
SYN-00826,42,beginner,hint,desktop,unavailable,challenge,0.25,1,3,1,0.4667,synthetic_simulated_event
SYN-00827,61,intermediate,concise,mobile,unavailable,example,0.25,0,3,1,0.2,synthetic_simulated_event
SYN-00828,50,intermediate,hint,desktop,unavailable,hint,0.25,2,3,1,0.7333,synthetic_simulated_event
SYN-00829,79,intermediate,challenge,tablet,unavailable,hint,0.25,3,3,1,1.0,synthetic_simulated_event
SYN-00830,65,intermediate,example,desktop,unavailable,example,0.25,2,3,1,0.7333,synthetic_simulated_event
SYN-00831,67,intermediate,example,mobile,unavailable,concise,0.25,1,3,1,0.4667,synthetic_simulated_event
SYN-00832,69,advanced,hint,mobile,unavailable,concise,0.25,1,3,1,0.4667,synthetic_simulated_event
SYN-00833,52,beginner,hint,mobile,unavailable,hint,0.25,2,3,1,0.7333,synthetic_simulated_event
SYN-00834,9,beginner,concise,tablet,unavailable,hint,0.25,1,3,1,0.4667,synthetic_simulated_event
SYN-00835,75,advanced,example,tablet,unavailable,concise,0.25,2,3,1,0.7333,synthetic_simulated_event
SYN-00836,65,advanced,challenge,tablet,unavailable,concise,0.25,2,3,1,0.7333,synthetic_simulated_event
SYN-00837,22,beginner,challenge,tablet,unavailable,hint,0.25,2,3,1,0.7333,synthetic_simulated_event
SYN-00838,51,intermediate,hint,tablet,unavailable,hint,0.25,0,3,0,0.0,synthetic_simulated_event
SYN-00839,100,advanced,challenge,tablet,unavailable,challenge,0.25,2,3,1,0.7333,synthetic_simulated_event
SYN-00840,22,beginner,hint,tablet,unavailable,challenge,0.25,0,3,1,0.2,synthetic_simulated_event
SYN-00841,94,advanced,challenge,desktop,unavailable,hint,0.25,3,3,1,1.0,synthetic_simulated_event
SYN-00842,75,advanced,concise,mobile,unavailable,challenge,0.25,1,3,1,0.4667,synthetic_simulated_event
SYN-00843,83,advanced,challenge,mobile,unavailable,challenge,0.25,3,3,1,1.0,synthetic_simulated_event
SYN-00844,26,beginner,hint,mobile,unavailable,concise,0.25,1,3,1,0.4667,synthetic_simulated_event
SYN-00845,100,advanced,example,desktop,unavailable,hint,0.25,1,3,1,0.4667,synthetic_simulated_event
SYN-00846,35,intermediate,example,mobile,unavailable,example,0.25,3,3,1,1.0,synthetic_simulated_event
SYN-00847,51,beginner,example,mobile,unavailable,example,0.25,0,3,0,0.0,synthetic_simulated_event
SYN-00848,33,intermediate,concise,tablet,unavailable,concise,0.25,2,3,1,0.7333,synthetic_simulated_event
SYN-00849,30,beginner,hint,mobile,unavailable,concise,0.25,0,3,0,0.0,synthetic_simulated_event
SYN-00850,73,advanced,hint,mobile,unavailable,concise,0.25,1,3,1,0.4667,synthetic_simulated_event
SYN-00851,60,advanced,example,mobile,unavailable,challenge,0.25,1,3,1,0.4667,synthetic_simulated_event
SYN-00852,73,advanced,example,desktop,unavailable,concise,0.25,0,3,1,0.2,synthetic_simulated_event
SYN-00853,95,advanced,hint,desktop,unavailable,example,0.25,2,3,1,0.7333,synthetic_simulated_event
SYN-00854,36,beginner,challenge,tablet,unavailable,concise,0.25,0,3,0,0.0,synthetic_simulated_event
SYN-00855,42,beginner,concise,tablet,unavailable,concise,0.25,0,3,0,0.0,synthetic_simulated_event
SYN-00856,45,intermediate,concise,mobile,unavailable,example,0.25,0,3,0,0.0,synthetic_simulated_event
SYN-00857,91,advanced,challenge,mobile,unavailable,concise,0.25,2,3,1,0.7333,synthetic_simulated_event
SYN-00858,100,advanced,example,desktop,unavailable,challenge,0.25,2,3,1,0.7333,synthetic_simulated_event
SYN-00859,41,advanced,challenge,mobile,unavailable,concise,0.25,3,3,1,1.0,synthetic_simulated_event
SYN-00860,42,beginner,example,mobile,unavailable,hint,0.25,2,3,1,0.7333,synthetic_simulated_event
SYN-00861,56,beginner,hint,desktop,unavailable,example,0.25,0,3,1,0.2,synthetic_simulated_event
SYN-00862,62,intermediate,hint,desktop,unavailable,example,0.25,1,3,1,0.4667,synthetic_simulated_event
SYN-00863,64,intermediate,concise,desktop,unavailable,hint,0.25,0,3,0,0.0,synthetic_simulated_event
SYN-00864,36,beginner,concise,tablet,unavailable,challenge,0.25,0,3,1,0.2,synthetic_simulated_event
SYN-00865,86,intermediate,challenge,tablet,unavailable,example,0.25,2,3,1,0.7333,synthetic_simulated_event
SYN-00866,39,beginner,hint,desktop,unavailable,challenge,0.25,0,3,1,0.2,synthetic_simulated_event
SYN-00867,19,beginner,example,mobile,unavailable,concise,0.25,2,3,1,0.7333,synthetic_simulated_event
SYN-00868,86,advanced,challenge,mobile,unavailable,hint,0.25,3,3,1,1.0,synthetic_simulated_event
SYN-00869,16,beginner,hint,mobile,unavailable,concise,0.25,0,3,0,0.0,synthetic_simulated_event
SYN-00870,26,intermediate,hint,desktop,unavailable,hint,0.25,0,3,0,0.0,synthetic_simulated_event
SYN-00871,58,intermediate,hint,mobile,unavailable,example,0.25,0,3,0,0.0,synthetic_simulated_event
SYN-00872,48,intermediate,challenge,desktop,unavailable,hint,0.25,2,3,1,0.7333,synthetic_simulated_event
SYN-00873,100,advanced,concise,tablet,unavailable,concise,0.25,3,3,1,1.0,synthetic_simulated_event
SYN-00874,15,intermediate,hint,tablet,unavailable,concise,0.25,1,3,1,0.4667,synthetic_simulated_event
SYN-00875,62,intermediate,challenge,tablet,unavailable,example,0.25,0,3,0,0.0,synthetic_simulated_event
SYN-00876,54,intermediate,challenge,desktop,unavailable,concise,0.25,0,3,1,0.2,synthetic_simulated_event
SYN-00877,80,advanced,concise,tablet,unavailable,hint,0.25,2,3,1,0.7333,synthetic_simulated_event
SYN-00878,15,beginner,hint,desktop,unavailable,challenge,0.25,1,3,1,0.4667,synthetic_simulated_event
SYN-00879,50,advanced,example,mobile,unavailable,hint,0.25,0,3,1,0.2,synthetic_simulated_event
SYN-00880,38,beginner,challenge,tablet,unavailable,example,0.25,1,3,1,0.4667,synthetic_simulated_event
SYN-00881,21,beginner,challenge,desktop,unavailable,hint,0.25,0,3,0,0.0,synthetic_simulated_event
SYN-00882,36,beginner,challenge,mobile,unavailable,concise,0.25,0,3,0,0.0,synthetic_simulated_event
SYN-00883,100,advanced,challenge,mobile,unavailable,challenge,0.25,2,3,1,0.7333,synthetic_simulated_event
SYN-00884,25,beginner,example,tablet,unavailable,hint,0.25,2,3,1,0.7333,synthetic_simulated_event
SYN-00885,28,beginner,hint,mobile,unavailable,example,0.25,1,3,1,0.4667,synthetic_simulated_event
SYN-00886,58,intermediate,challenge,desktop,unavailable,concise,0.25,2,3,1,0.7333,synthetic_simulated_event
SYN-00887,63,intermediate,concise,mobile,unavailable,challenge,0.25,2,3,1,0.7333,synthetic_simulated_event
SYN-00888,69,advanced,example,mobile,unavailable,concise,0.25,2,3,1,0.7333,synthetic_simulated_event
SYN-00889,6,beginner,hint,tablet,unavailable,challenge,0.25,0,3,1,0.2,synthetic_simulated_event
SYN-00890,32,beginner,hint,mobile,unavailable,challenge,0.25,1,3,1,0.4667,synthetic_simulated_event
SYN-00891,23,beginner,concise,desktop,unavailable,challenge,0.25,0,3,1,0.2,synthetic_simulated_event
SYN-00892,66,intermediate,example,mobile,unavailable,concise,0.25,2,3,1,0.7333,synthetic_simulated_event
SYN-00893,51,advanced,challenge,mobile,unavailable,concise,0.25,0,3,0,0.0,synthetic_simulated_event
SYN-00894,53,beginner,concise,tablet,unavailable,challenge,0.25,1,3,1,0.4667,synthetic_simulated_event
SYN-00895,66,intermediate,challenge,mobile,unavailable,challenge,0.25,0,3,0,0.0,synthetic_simulated_event
SYN-00896,32,advanced,concise,tablet,unavailable,challenge,0.25,1,3,1,0.4667,synthetic_simulated_event
SYN-00897,24,beginner,hint,mobile,unavailable,concise,0.25,1,3,1,0.4667,synthetic_simulated_event
SYN-00898,32,beginner,example,desktop,unavailable,example,0.25,0,3,0,0.0,synthetic_simulated_event
SYN-00899,7,beginner,example,tablet,unavailable,challenge,0.25,0,3,0,0.0,synthetic_simulated_event
SYN-00900,47,beginner,hint,tablet,unavailable,example,0.25,2,3,1,0.7333,synthetic_simulated_event
SYN-00901,58,intermediate,hint,mobile,unavailable,example,0.25,2,3,1,0.7333,synthetic_simulated_event
SYN-00902,15,beginner,challenge,mobile,unavailable,example,0.25,0,3,0,0.0,synthetic_simulated_event
SYN-00903,42,beginner,challenge,desktop,unavailable,hint,0.25,2,3,1,0.7333,synthetic_simulated_event
SYN-00904,73,advanced,hint,mobile,unavailable,hint,0.25,2,3,1,0.7333,synthetic_simulated_event
SYN-00905,53,advanced,challenge,tablet,unavailable,example,0.25,0,3,1,0.2,synthetic_simulated_event
SYN-00906,27,beginner,concise,mobile,unavailable,concise,0.25,1,3,1,0.4667,synthetic_simulated_event
SYN-00907,61,intermediate,concise,desktop,unavailable,example,0.25,1,3,1,0.4667,synthetic_simulated_event
SYN-00908,77,advanced,example,desktop,unavailable,challenge,0.25,0,3,1,0.2,synthetic_simulated_event
SYN-00909,25,intermediate,example,tablet,unavailable,example,0.25,0,3,0,0.0,synthetic_simulated_event
SYN-00910,41,intermediate,challenge,tablet,unavailable,concise,0.25,2,3,1,0.7333,synthetic_simulated_event
SYN-00911,89,advanced,hint,desktop,unavailable,hint,0.25,2,3,1,0.7333,synthetic_simulated_event
SYN-00912,47,intermediate,example,desktop,unavailable,hint,0.25,1,3,1,0.4667,synthetic_simulated_event
SYN-00913,30,beginner,hint,desktop,unavailable,example,0.25,1,3,1,0.4667,synthetic_simulated_event
SYN-00914,46,beginner,challenge,mobile,unavailable,concise,0.25,2,3,1,0.7333,synthetic_simulated_event
SYN-00915,66,advanced,challenge,mobile,unavailable,example,0.25,3,3,1,1.0,synthetic_simulated_event
SYN-00916,54,intermediate,concise,mobile,unavailable,challenge,0.25,2,3,1,0.7333,synthetic_simulated_event
SYN-00917,13,beginner,hint,mobile,unavailable,example,0.25,0,3,0,0.0,synthetic_simulated_event
SYN-00918,32,beginner,example,desktop,unavailable,example,0.25,2,3,1,0.7333,synthetic_simulated_event
SYN-00919,45,intermediate,hint,desktop,unavailable,challenge,0.25,3,3,1,1.0,synthetic_simulated_event
SYN-00920,39,intermediate,challenge,tablet,unavailable,challenge,0.25,2,3,1,0.7333,synthetic_simulated_event
SYN-00921,80,advanced,challenge,tablet,unavailable,concise,0.25,3,3,1,1.0,synthetic_simulated_event
SYN-00922,99,intermediate,challenge,tablet,unavailable,example,0.25,2,3,1,0.7333,synthetic_simulated_event
SYN-00923,38,intermediate,challenge,desktop,unavailable,challenge,0.25,2,3,1,0.7333,synthetic_simulated_event
SYN-00924,83,advanced,challenge,desktop,unavailable,hint,0.25,2,3,1,0.7333,synthetic_simulated_event
SYN-00925,57,intermediate,hint,desktop,unavailable,hint,0.25,1,3,1,0.4667,synthetic_simulated_event
SYN-00926,88,advanced,concise,tablet,unavailable,hint,0.25,1,3,1,0.4667,synthetic_simulated_event
SYN-00927,19,beginner,hint,mobile,unavailable,concise,0.25,0,3,0,0.0,synthetic_simulated_event
SYN-00928,68,intermediate,hint,tablet,unavailable,challenge,0.25,0,3,0,0.0,synthetic_simulated_event
SYN-00929,64,advanced,concise,mobile,unavailable,hint,0.25,3,3,1,1.0,synthetic_simulated_event
SYN-00930,58,intermediate,concise,desktop,unavailable,challenge,0.25,2,3,1,0.7333,synthetic_simulated_event
SYN-00931,20,intermediate,challenge,desktop,unavailable,challenge,0.25,1,3,1,0.4667,synthetic_simulated_event
SYN-00932,35,advanced,challenge,desktop,unavailable,hint,0.25,0,3,1,0.2,synthetic_simulated_event
SYN-00933,95,advanced,concise,desktop,unavailable,example,0.25,0,3,0,0.0,synthetic_simulated_event
SYN-00934,67,intermediate,concise,desktop,unavailable,hint,0.25,1,3,1,0.4667,synthetic_simulated_event
SYN-00935,62,intermediate,concise,mobile,unavailable,concise,0.25,2,3,1,0.7333,synthetic_simulated_event
SYN-00936,96,advanced,concise,desktop,unavailable,example,0.25,2,3,1,0.7333,synthetic_simulated_event
SYN-00937,45,beginner,concise,desktop,unavailable,hint,0.25,1,3,1,0.4667,synthetic_simulated_event
SYN-00938,26,beginner,example,mobile,unavailable,concise,0.25,1,3,1,0.4667,synthetic_simulated_event
SYN-00939,38,intermediate,challenge,mobile,unavailable,challenge,0.25,3,3,1,1.0,synthetic_simulated_event
SYN-00940,70,intermediate,concise,tablet,unavailable,hint,0.25,0,3,0,0.0,synthetic_simulated_event
SYN-00941,28,intermediate,concise,desktop,unavailable,challenge,0.25,1,3,1,0.4667,synthetic_simulated_event
SYN-00942,81,advanced,example,mobile,unavailable,concise,0.25,1,3,1,0.4667,synthetic_simulated_event
SYN-00943,84,advanced,example,desktop,unavailable,concise,0.25,0,3,1,0.2,synthetic_simulated_event
SYN-00944,28,beginner,example,mobile,unavailable,challenge,0.25,0,3,1,0.2,synthetic_simulated_event
SYN-00945,13,beginner,challenge,desktop,unavailable,hint,0.25,1,3,1,0.4667,synthetic_simulated_event
SYN-00946,4,beginner,challenge,desktop,unavailable,hint,0.25,1,3,1,0.4667,synthetic_simulated_event
SYN-00947,35,intermediate,example,mobile,unavailable,challenge,0.25,0,3,0,0.0,synthetic_simulated_event
SYN-00948,93,intermediate,challenge,tablet,unavailable,concise,0.25,1,3,1,0.4667,synthetic_simulated_event
SYN-00949,29,beginner,example,desktop,unavailable,example,0.25,0,3,1,0.2,synthetic_simulated_event
SYN-00950,40,advanced,concise,desktop,unavailable,example,0.25,1,3,1,0.4667,synthetic_simulated_event
SYN-00951,2,beginner,concise,tablet,unavailable,hint,0.25,0,3,0,0.0,synthetic_simulated_event
SYN-00952,54,intermediate,concise,desktop,unavailable,challenge,0.25,1,3,1,0.4667,synthetic_simulated_event
SYN-00953,43,intermediate,concise,tablet,unavailable,example,0.25,2,3,1,0.7333,synthetic_simulated_event
SYN-00954,10,beginner,example,tablet,unavailable,concise,0.25,0,3,0,0.0,synthetic_simulated_event
SYN-00955,69,advanced,example,tablet,unavailable,example,0.25,2,3,1,0.7333,synthetic_simulated_event
SYN-00956,15,beginner,example,desktop,unavailable,hint,0.25,0,3,0,0.0,synthetic_simulated_event
SYN-00957,67,intermediate,concise,tablet,unavailable,concise,0.25,1,3,1,0.4667,synthetic_simulated_event
SYN-00958,51,beginner,concise,desktop,unavailable,example,0.25,2,3,1,0.7333,synthetic_simulated_event
SYN-00959,43,beginner,example,desktop,unavailable,hint,0.25,2,3,1,0.7333,synthetic_simulated_event
SYN-00960,82,advanced,example,desktop,unavailable,concise,0.25,2,3,1,0.7333,synthetic_simulated_event
SYN-00961,41,intermediate,concise,mobile,unavailable,concise,0.25,0,3,0,0.0,synthetic_simulated_event
SYN-00962,36,beginner,challenge,desktop,unavailable,example,0.25,0,3,1,0.2,synthetic_simulated_event
SYN-00963,67,beginner,concise,desktop,unavailable,hint,0.25,0,3,1,0.2,synthetic_simulated_event
SYN-00964,91,advanced,concise,tablet,unavailable,hint,0.25,2,3,1,0.7333,synthetic_simulated_event
SYN-00965,79,advanced,hint,mobile,unavailable,concise,0.25,2,3,1,0.7333,synthetic_simulated_event
SYN-00966,69,beginner,challenge,mobile,unavailable,hint,0.25,2,3,1,0.7333,synthetic_simulated_event
SYN-00967,92,advanced,hint,desktop,unavailable,concise,0.25,0,3,0,0.0,synthetic_simulated_event
SYN-00968,80,advanced,hint,desktop,unavailable,concise,0.25,3,3,1,1.0,synthetic_simulated_event
SYN-00969,65,intermediate,example,desktop,unavailable,hint,0.25,0,3,0,0.0,synthetic_simulated_event
SYN-00970,42,beginner,hint,mobile,unavailable,hint,0.25,2,3,1,0.7333,synthetic_simulated_event
SYN-00971,16,beginner,hint,tablet,unavailable,challenge,0.25,0,3,0,0.0,synthetic_simulated_event
SYN-00972,30,beginner,challenge,mobile,unavailable,example,0.25,2,3,1,0.7333,synthetic_simulated_event
SYN-00973,39,beginner,hint,desktop,unavailable,example,0.25,2,3,1,0.7333,synthetic_simulated_event
SYN-00974,78,advanced,challenge,mobile,unavailable,concise,0.25,1,3,1,0.4667,synthetic_simulated_event
SYN-00975,77,advanced,hint,tablet,unavailable,hint,0.25,2,3,1,0.7333,synthetic_simulated_event
SYN-00976,40,beginner,concise,desktop,unavailable,hint,0.25,1,3,1,0.4667,synthetic_simulated_event
SYN-00977,60,beginner,concise,mobile,unavailable,challenge,0.25,2,3,1,0.7333,synthetic_simulated_event
SYN-00978,31,beginner,hint,desktop,unavailable,hint,0.25,0,3,1,0.2,synthetic_simulated_event
SYN-00979,58,advanced,challenge,desktop,unavailable,hint,0.25,2,3,1,0.7333,synthetic_simulated_event
SYN-00980,80,advanced,hint,desktop,unavailable,concise,0.25,3,3,1,1.0,synthetic_simulated_event
SYN-00981,50,advanced,concise,desktop,unavailable,example,0.25,2,3,1,0.7333,synthetic_simulated_event
SYN-00982,0,beginner,challenge,tablet,unavailable,hint,0.25,0,3,0,0.0,synthetic_simulated_event
SYN-00983,35,beginner,concise,tablet,unavailable,challenge,0.25,0,3,1,0.2,synthetic_simulated_event
SYN-00984,57,intermediate,concise,mobile,unavailable,hint,0.25,3,3,1,1.0,synthetic_simulated_event
SYN-00985,50,intermediate,concise,tablet,unavailable,challenge,0.25,1,3,1,0.4667,synthetic_simulated_event
SYN-00986,54,beginner,concise,mobile,unavailable,hint,0.25,2,3,1,0.7333,synthetic_simulated_event
SYN-00987,100,advanced,challenge,tablet,unavailable,challenge,0.25,3,3,1,1.0,synthetic_simulated_event
SYN-00988,87,intermediate,challenge,mobile,unavailable,challenge,0.25,2,3,1,0.7333,synthetic_simulated_event
SYN-00989,40,beginner,hint,mobile,unavailable,concise,0.25,2,3,1,0.7333,synthetic_simulated_event
SYN-00990,46,advanced,concise,tablet,unavailable,example,0.25,1,3,1,0.4667,synthetic_simulated_event
SYN-00991,42,beginner,example,mobile,unavailable,example,0.25,2,3,1,0.7333,synthetic_simulated_event
SYN-00992,70,advanced,example,mobile,unavailable,concise,0.25,2,3,1,0.7333,synthetic_simulated_event
SYN-00993,53,advanced,concise,desktop,unavailable,concise,0.25,2,3,1,0.7333,synthetic_simulated_event
SYN-00994,82,advanced,hint,desktop,unavailable,hint,0.25,3,3,1,1.0,synthetic_simulated_event
SYN-00995,66,intermediate,example,desktop,unavailable,example,0.25,0,3,0,0.0,synthetic_simulated_event
SYN-00996,86,advanced,hint,mobile,unavailable,concise,0.25,0,3,0,0.0,synthetic_simulated_event
SYN-00997,5,beginner,concise,tablet,unavailable,example,0.25,0,3,0,0.0,synthetic_simulated_event
SYN-00998,73,advanced,example,mobile,unavailable,hint,0.25,1,3,1,0.4667,synthetic_simulated_event
SYN-00999,26,intermediate,challenge,tablet,unavailable,hint,0.25,0,3,0,0.0,synthetic_simulated_event
SYN-01000,44,intermediate,hint,desktop,unavailable,hint,0.25,2,3,1,0.7333,synthetic_simulated_event
